"","Player","Team","Position","Age","Date of Birth","Birth City","Birth State/Province","Birth Country","Nationality","Height (in)","Weight (lbs)","Draft Year","Draft Team","Draft Round","Round Pick","Overall Draft Position"
"","Aaron Ekblad","FLA","D","22","1996-02-07","Windsor","ON","CAN","CAN","76","216","2014","FLA","1","1","1"
"","Aaron Volpatti","WSH","L","33","1985-05-30","Revelstoke","BC","CAN","CAN","72","215","-","-","-","-","-"
"","Adam Burish","S.J","R","35","1983-01-06","Madison","WI","USA","USA","73","195","2002","CHI","9","22","282"
"","Adam Clendening","CHI, VAN","D","25","1992-10-26","Niagara Falls","NY","USA","USA","72","196","2011","CHI","2","6","36"
"","Adam Cracknell","CBJ","R","33","1985-07-15","Prince Albert","SK","CAN","CAN","74","218","2004","CGY","9","21","279"
"","Adam Henrique","N.J","C","28","1990-02-06","Brantford","ON","CAN","CAN","72","195","2008","N.J","3","21","82"
"","Adam Larsson","N.J","D","25","1992-11-12","Skellefteå","","SWE","SWE","75","210","2011","N.J","1","4","4"
"","Adam Lowry","WPG","C","25","1993-03-29","St. Louis","MO","USA","USA","77","210","2011","WPG","3","6","67"
"","Adam McQuaid","BOS","D","31","1986-10-12","Charlottetown","PE","CAN","CAN","76","212","2005","CBJ","2","25","55"
"","Adam Pardy","WPG","D","34","1984-03-29","Bonavista","NL","CAN","CAN","76","227","2004","CGY","6","10","173"
"","Alec Martinez","L.A","D","31","1987-07-26","Rochester Hills","MI","USA","USA","73","208","2007","L.A","4","4","95"
"","Aleksander Barkov","FLA","C","23","1995-09-02","Tampere","","FIN","FIN","75","213","2013","FLA","1","2","2"
"","Ales Hemsky","DAL","R","35","1983-08-13","Pardubice","","CZE","CZE","72","177","2001","EDM","1","13","13"
"","Alex Biega","VAN","D","30","1988-04-04","Montreal","QC","CAN","CAN","70","193","2006","BUF","5","24","147"
"","Alex Chiasson","OTT","R","27","1990-10-01","Montreal","QC","CAN","CAN","76","208","2009","DAL","2","8","38"
"","Alex Galchenyuk","MTL","C","24","1994-02-12","Milwaukee","WI","USA","USA","73","207","2012","MTL","1","3","3"
"","Alex Goligoski","DAL","D","33","1985-07-30","Grand Rapids","MN","USA","USA","71","185","2004","PIT","2","31","61"
"","Alex Khokhlachev","BOS","C","25","1993-09-09","Moscow","","RUS","RUS","70","181","2011","BOS","2","10","40"
"","Alex Killorn","T.B","L","29","1989-09-14","Halifax","NS","CAN","CAN","73","196","2007","T.B","3","16","77"
"","Alex Ovechkin","WSH","L","33","1985-09-17","Moscow","","RUS","RUS","75","235","2004","WSH","1","1","1"
"","Alex Petrovic","FLA","D","26","1992-03-03","Edmonton","AB","CAN","CAN","76","206","2010","FLA","2","6","36"
"","Alex Pietrangelo","STL","D","28","1990-01-18","King City","ON","CAN","CAN","75","210","2008","STL","1","4","4"
"","Alex Tanguay","COL","L","38","1979-11-21","Ste-Justine","QC","CAN","CAN","73","194","1998","COL","1","12","12"
"","Alexander Edler","VAN","D","32","1986-04-21","Ostersund","","SWE","SWE","75","214","2004","VAN","3","26","91"
"","Alexander Semin","CAR","R","34","1984-03-03","Krasnojarsk","","RUS","RUS","74","211","2002","WSH","1","13","13"
"","Alexander Steen","STL","L","34","1984-03-01","Winnipeg","MB","CAN","SWE","72","211","2002","TOR","1","24","24"
"","Alexander Wennberg","CBJ","C","23","1994-09-22","Stockholm","","SWE","SWE","74","196","2013","CBJ","1","14","14"
"","Alexandre Bolduc","ARI","C","33","1985-06-26","Montreal","QC","CAN","CAN","75","200","2003","STL","4","26","127"
"","Alexandre Burrows","VAN","L","37","1981-04-11","Pincourt","QC","CAN","CAN","73","197","-","-","-","-","-"
"","Alexei Emelin","MTL","D","32","1986-04-25","Togliatti","","RUS","RUS","74","218","2004","MTL","3","19","84"
"","Alexey Marchenko","DET","D","26","1992-01-02","Moscow","","RUS","RUS","75","210","2011","DET","7","24","205"
"","Anders Lee","NYI","L","28","1990-07-03","Edina","MN","USA","USA","75","231","2009","NYI","6","1","152"
"","Andre Benoit","BUF","D","34","1984-01-06","St. Albert","ON","CAN","CAN","71","190","-","-","-","-","-"
"","Andre Burakovsky","WSH","L","23","1995-02-09","Klagenfurt","","AUT","SWE","75","201","2013","WSH","1","23","23"
"","Andrei Markov","MTL","D","39","1978-12-20","Voskresensk","","RUS","RUS","72","200","1998","MTL","6","17","162"
"","Andrej Meszaros","BUF","D","32","1985-10-13","Povaská Bystrica","","SVK","SVK","74","223","2004","OTT","1","23","23"
"","Andrej Nestrasil","CAR, DET","C","27","1991-02-22","Prague","","CZE","CZE","75","200","2009","DET","3","14","75"
"","Andrej Sekera","CAR, L.A","D","32","1986-06-08","Bojnice","","SVK","SVK","72","200","2004","BUF","3","6","71"
"","Andrej Sustr","T.B","D","27","1990-11-29","Plzen","","CZE","CZE","79","220","-","-","-","-","-"
"","Andrew Agozzino","COL","L","27","1991-01-03","Kleinburg","ON","CAN","CAN","70","187","-","-","-","-","-"
"","Andrew Campbell","ARI","D","30","1988-02-04","Caledonia","ON","CAN","CAN","76","205","2008","L.A","3","13","74"
"","Andrew Cogliano","ANA","L","31","1987-06-14","Toronto","ON","CAN","CAN","70","177","2005","EDM","1","25","25"
"","Andrew Copp","WPG","C","24","1994-07-08","Ann Arbor","MI","USA","USA","73","206","2013","WPG","4","13","104"
"","Andrew Desjardins","CHI, S.J","L","32","1986-07-27","Lively","ON","CAN","CAN","73","195","-","-","-","-","-"
"","Andrew Ebbett","PIT","C","35","1983-01-02","Vernon","BC","CAN","CAN","69","174","-","-","-","-","-"
"","Andrew Ference","EDM","D","39","1979-03-17","Edmonton","AB","CAN","CAN","71","182","1997","PIT","8","18","208"
"","Andrew Ladd","WPG","L","32","1985-12-12","Maple Ridge","BC","CAN","CAN","75","192","2004","CAR","1","4","4"
"","Andrew MacDonald","PHI","D","32","1986-09-07","Judique","NS","CAN","CAN","73","204","2006","NYI","6","7","160"
"","Andrew MacWilliam","TOR","D","28","1990-03-25","Calgary","AB","CAN","CAN","74","223","2008","TOR","7","7","188"
"","Andrew Miller","EDM","C","30","1988-09-18","Bloomfield Hills","MI","USA","USA","70","181","-","-","-","-","-"
"","Andrew Shaw","CHI","C","27","1991-07-20","Belleville","ON","CAN","CAN","71","182","2011","CHI","5","18","139"
"","Andy Andreoff","L.A","L","27","1991-05-17","Pickering","ON","CAN","CAN","73","203","2011","L.A","3","19","80"
"","Andy Greene","N.J","D","35","1982-10-30","Trenton","MI","USA","USA","71","190","-","-","-","-","-"
"","Anthony Bitetto","NSH","D","28","1990-07-15","Island Park","NY","USA","USA","73","210","2010","NSH","6","18","168"
"","Anthony Duclair","NYR","L","23","1995-08-26","Pointe-Claire","QC","CAN","CAN","71","191","2013","NYR","3","19","80"
"","Anthony Peluso","WPG","R","29","1989-04-18","North York","ON","CAN","CAN","75","225","2007","STL","6","9","160"
"","Antoine Roussel","DAL","L","28","1989-11-21","Roubaix","","FRA","FRA","71","195","-","-","-","-","-"
"","Antoine Vermette","ARI, CHI","C","36","1982-07-20","St. Agapit","QC","CAN","CAN","73","197","2000","OTT","2","25","55"
"","Anton Lander","EDM","C","27","1991-04-24","Sundsvall","","SWE","SWE","72","184","2009","EDM","2","10","40"
"","Anton Stralman","T.B","D","32","1986-08-01","Tibro","","SWE","SWE","71","190","2005","TOR","7","22","216"
"","Anton Volchenkov","NSH","D","36","1982-02-25","Moscow","","RUS","RUS","73","220","2000","OTT","1","21","21"
"","Anze Kopitar","L.A","C","31","1987-08-24","Jesenice","","SVN","SVN","75","224","2005","L.A","1","11","11"
"","Artem Anisimov","CBJ","C","30","1988-05-24","Yaroslavl","","RUS","RUS","76","198","2006","NYR","2","24","54"
"","B.J. Crombeen","ARI","R","33","1985-07-10","Denver","CO","USA","USA","74","209","2003","DAL","2","24","54"
"","Barclay Goodrow","S.J","R","25","1993-02-26","Toronto","ON","CAN","CAN","74","210","-","-","-","-","-"
"","Barret Jackman","STL","D","37","1981-03-05","Trail","BC","CAN","CAN","72","203","1999","STL","1","17","17"
"","Beau Bennett","PIT","R","26","1991-11-27","Gardena","CA","USA","USA","74","195","2010","PIT","1","20","20"
"","Ben Chiarot","WPG","D","27","1991-05-09","Hamilton","ON","CAN","CAN","75","219","2009","ATL","4","29","120"
"","Ben Lovejoy","ANA, PIT","D","34","1984-02-20","Concord","NH","USA","USA","73","205","-","-","-","-","-"
"","Ben Smith","CHI, S.J","R","30","1988-07-11","Winston-Salem","NC","USA","USA","71","203","2008","CHI","6","18","169"
"","Ben Street","COL","C","31","1987-02-13","Coquitlam","BC","CAN","CAN","71","200","-","-","-","-","-"
"","Benoit Pouliot","EDM","L","31","1986-09-29","Alfred","ON","CAN","CAN","75","200","2005","MIN","1","4","4"
"","Blair Jones","PHI","C","31","1986-09-27","Central Butte","SK","CAN","CAN","74","216","2005","T.B","4","11","102"
"","Blake Comeau","PIT","L","32","1986-02-18","Meadow Lake","SK","CAN","CAN","73","202","2004","NYI","2","17","47"
"","Blake Wheeler","WPG","R","32","1986-08-31","Plymouth","MN","USA","USA","77","225","2004","PHX","1","5","5"
"","Bo Horvat","VAN","C","23","1995-04-05","London","ON","CAN","CAN","72","223","2013","VAN","1","9","9"
"","Bobby Farnham","PIT","R","29","1989-01-21","North Andover","MA","USA","USA","70","190","-","-","-","-","-"
"","Bobby Robins","BOS","R","36","1981-10-17","Rhinelander","WI","USA","USA","73","220","-","-","-","-","-"
"","Bobby Ryan","OTT","R","31","1987-03-17","Cherry Hill","NJ","USA","USA","74","204","2005","ANA","1","2","2"
"","Bogdan Yakimov","EDM","C","23","1994-10-04","Nizhnekamsk","","RUS","RUS","77","232","2013","EDM","3","22","83"
"","Boone Jenner","CBJ","C","25","1993-06-15","Dorchester","ON","CAN","CAN","74","206","2011","CBJ","2","7","37"
"","Borna Rendulic","COL","R","26","1992-03-25","Zagreb","","HRV","HRV","74","200","-","-","-","-","-"
"","Boyd Gordon","EDM","C","34","1983-10-19","Unity","SK","CAN","CAN","72","200","2002","WSH","1","17","17"
"","Brad Boyes","FLA","R","36","1982-04-17","Mississauga","ON","CAN","CAN","72","199","2000","TOR","1","24","24"
"","Brad Hunt","EDM","D","30","1988-08-24","Maple Ridge","BC","CAN","CAN","69","187","-","-","-","-","-"
"","Brad Malone","CAR","C","29","1989-05-20","Miramichi","NB","CAN","CAN","73","213","2007","COL","4","14","105"
"","Brad Marchand","BOS","L","30","1988-05-11","Halifax","NS","CAN","CAN","69","181","2006","BOS","3","8","71"
"","Brad Richards","CHI","C","38","1980-05-02","Murray Hbr.","PE","CAN","CAN","72","199","1998","T.B","3","6","64"
"","Brad Richardson","VAN","C, R","33","1985-02-04","Belleville","ON","CAN","CAN","72","190","2003","COL","5","27","163"
"","Brad Stuart","COL","D","38","1979-11-06","Rocky Mountain House","AB","CAN","CAN","74","215","1998","S.J","1","3","3"
"","Brandon Bollig","CGY","L","31","1987-01-31","St. Charles","MO","USA","USA","74","220","-","-","-","-","-"
"","Brandon Davidson","EDM","D","27","1991-08-21","Taber","AB","CAN","CAN","74","208","2010","EDM","6","12","162"
"","Brandon DeFazio","VAN","L","30","1988-09-13","Etobicoke","ON","CAN","CAN","74","199","-","-","-","-","-"
"","Brandon Dubinsky","CBJ","C","32","1986-04-29","Anchorage","AK","USA","USA","74","205","2004","NYR","2","30","60"
"","Brandon Gormley","ARI","D","26","1992-02-18","Murray River","PE","CAN","CAN","74","196","2010","PHX","1","13","13"
"","Brandon Kozun","TOR","R","28","1990-03-08","Los Angeles","CA","USA","USA","68","167","2009","L.A","6","28","179"
"","Brandon Manning","PHI","D","28","1990-06-04","Prince George","BC","CAN","CAN","73","205","-","-","-","-","-"
"","Brandon McMillan","ARI, VAN","L","28","1990-03-22","Richmond","BC","CAN","CAN","71","190","2008","ANA","3","24","85"
"","Brandon Pirri","FLA","R","27","1991-04-10","Toronto","ON","CAN","CAN","72","186","2009","CHI","2","29","59"
"","Brandon Prust","MTL","L","34","1984-03-16","London","ON","CAN","CAN","72","195","2004","CGY","3","5","70"
"","Brandon Saad","CHI","L","25","1992-10-27","Pittsburgh","PA","USA","USA","73","206","2011","CHI","2","13","43"
"","Brandon Sutter","PIT","C","29","1989-02-14","Huntington","NY","USA","CAN","75","191","2007","CAR","1","11","11"
"","Brayden McNabb","L.A","D","27","1991-01-21","Davidson","SK","CAN","CAN","76","212","2009","BUF","3","5","66"
"","Brayden Schenn","PHI","C","27","1991-08-22","Saskatoon","SK","CAN","CAN","73","200","2009","L.A","1","5","5"
"","Braydon Coburn","PHI, T.B","D","33","1985-02-27","Shaunavon","SK","CAN","CAN","77","223","2003","ATL","1","8","8"
"","Brendan Gallagher","MTL","R","26","1992-05-06","Edmonton","AB","CAN","CAN","69","181","2010","MTL","5","27","147"
"","Brendan Ranford","DAL","L","26","1992-05-03","Edmonton","AB","CAN","CAN","70","205","2010","PHI","7","29","209"
"","Brendan Shinnimin","ARI","C","27","1991-01-07","Winnipeg","MB","CAN","CAN","70","185","-","-","-","-","-"
"","Brendan Smith","DET","D","29","1989-02-08","Mimico","ON","CAN","CAN","74","211","2007","DET","1","27","27"
"","Brendan Woods","CAR","L","26","1992-06-11","Humboldt","SK","CAN","CAN","76","210","2012","CAR","5","8","129"
"","Brenden Dillon","DAL, S.J","D","27","1990-11-13","New Westminster","BC","CAN","CAN","76","225","-","-","-","-","-"
"","Brenden Morrow","T.B","L","39","1979-01-16","Carlyle","SK","CAN","CAN","71","212","1997","DAL","1","25","25"
"","Brent Burns","S.J","D","33","1985-03-09","Barrie","ON","CAN","CAN","77","230","2003","MIN","1","20","20"
"","Brent Seabrook","CHI","D","33","1985-04-20","Richmond","BC","CAN","CAN","75","220","2003","CHI","1","14","14"
"","Brett Bellemore","CAR","D","30","1988-06-25","Windsor","ON","CAN","CAN","76","225","2007","CAR","6","11","162"
"","Brett Connolly","BOS, T.B","R","26","1992-05-02","Campbell River","BC","CAN","CAN","75","195","2010","T.B","1","6","6"
"","Brett Kulak","CGY","D","24","1994-01-06","Edmonton","AB","CAN","CAN","74","187","2012","CGY","4","14","105"
"","Brett Ritchie","DAL","R","25","1993-07-01","Orangeville","ON","CAN","CAN","75","217","2011","DAL","2","14","44"
"","Brett Sutter","MIN","L","31","1987-06-02","Viking","AB","CAN","CAN","72","200","2005","CGY","6","17","179"
"","Brian Boyle","T.B","C","33","1984-12-18","Hingham","MA","USA","USA","78","245","2003","L.A","1","26","26"
"","Brian Campbell","FLA","D","39","1979-05-23","Strathroy","ON","CAN","CAN","70","192","1997","BUF","6","22","156"
"","Brian Dumoulin","PIT","D","27","1991-09-06","Biddeford","ME","USA","USA","76","207","2009","CAR","2","21","51"
"","Brian Ferlin","BOS","R","26","1992-06-03","Jacksonville","FL","USA","USA","74","213","2011","BOS","4","30","121"
"","Brian Flynn","BUF, MTL","C","30","1988-07-26","Lynnfield","MA","USA","USA","73","183","-","-","-","-","-"
"","Brian Gibbons","CBJ","C","30","1988-02-26","Braintree","MA","USA","USA","68","175","-","-","-","-","-"
"","Brian Gionta","BUF","R","39","1979-01-18","Rochester","NY","USA","USA","67","178","1998","N.J","3","24","82"
"","Brian Lashoff","DET","D","28","1990-07-16","Albany","NY","USA","USA","75","219","-","-","-","-","-"
"","Brian McGrattan","CGY","R","37","1981-09-02","Hamilton","ON","CAN","CAN","76","235","1999","L.A","4","8","104"
"","Brian Strait","NYI","D","30","1988-01-04","Waltham","MA","USA","USA","73","206","2006","PIT","3","2","65"
"","Brock Nelson","NYI","C","26","1991-10-15","Warroad","MN","USA","USA","75","212","2010","NYI","1","30","30"
"","Brody Sutter","CAR","C","26","1991-09-26","Viking","AB","CAN","CAN","77","203","2011","CAR","7","12","193"
"","Brooks Laich","WSH","C","35","1983-06-23","Wawota","SK","CAN","CAN","74","200","2001","OTT","6","28","193"
"","Brooks Orpik","WSH","D","37","1980-09-26","San Francisco","CA","USA","USA","75","217","2000","PIT","1","18","18"
"","Bryan Allen","ANA, MTL","D","38","1980-08-21","Kingston","ON","CAN","CAN","77","223","1998","VAN","1","4","4"
"","Bryan Bickell","CHI","L","32","1986-03-09","Bowmanville","ON","CAN","CAN","76","223","2004","CHI","2","11","41"
"","Bryan Lerg","S.J","C","32","1986-01-20","Livonia","MI","USA","USA","70","175","-","-","-","-","-"
"","Bryan Little","WPG","C","30","1987-11-12","Edmonton","AB","CAN","CAN","72","191","2006","ATL","1","12","12"
"","Bryan Rust","PIT","R","26","1992-05-11","Pontiac","MI","USA","USA","71","192","2010","PIT","3","20","80"
"","Bryce Salvador","N.J","D","42","1976-02-11","Brandon","MB","CAN","CAN","75","215","1994","T.B","6","8","138"
"","Cal Clutterbuck","NYI","R","30","1987-11-18","Welland","ON","CAN","CAN","71","216","2006","MIN","3","9","72"
"","Calle Jarnkrok","NSH","C","26","1991-09-25","Gävle","","SWE","SWE","71","186","2010","DET","2","21","51"
"","Calvin de Haan","NYI","D","27","1991-05-09","Carp","ON","CAN","CAN","73","198","2009","NYI","1","12","12"
"","Cam Atkinson","CBJ","R","29","1989-06-05","Riverside","CT","USA","USA","68","179","2008","CBJ","6","6","157"
"","Cam Fowler","ANA","D","26","1991-12-05","Windsor","ON","CAN","USA","73","215","2010","ANA","1","12","12"
"","Cameron Schilling","WSH","D","29","1988-10-07","Carmel","IN","USA","USA","74","182","-","-","-","-","-"
"","Carl Gunnarsson","STL","D","31","1986-11-09","Orebro","","SWE","SWE","74","198","2007","TOR","7","13","194"
"","Carl Hagelin","NYR","L","30","1988-08-23","Sodertalje","","SWE","SWE","71","186","2007","NYR","6","17","168"
"","Carl Klingberg","WPG","L","27","1991-01-28","Gothenburg","","SWE","SWE","75","205","2009","ATL","2","4","34"
"","Carl Soderberg","BOS","C","32","1985-10-12","Malmö","","SWE","SWE","75","210","2004","STL","2","19","49"
"","Carlo Colaiacovo","PHI","D","35","1983-01-27","Toronto","ON","CAN","CAN","73","202","2001","TOR","1","17","17"
"","Carter Ashton","TOR","R","27","1991-04-01","Winnipeg","MB","CAN","CAN","75","215","2009","T.B","1","29","29"
"","Casey Bailey","TOR","R","26","1991-10-27","Anchorage","AK","USA","USA","75","195","-","-","-","-","-"
"","Casey Cizikas","NYI","C","27","1991-02-27","Toronto","ON","CAN","CAN","71","200","2009","NYI","4","1","92"
"","Cedric Paquette","T.B","C","25","1993-08-13","Gaspe","QC","CAN","CAN","73","198","2012","T.B","4","10","101"
"","Chad Ruhwedel","BUF","D","28","1990-05-07","San Diego","CA","USA","USA","71","191","-","-","-","-","-"
"","Charlie Coyle","MIN","C","26","1992-03-02","E. Weymouth","MA","USA","USA","75","221","2010","S.J","1","28","28"
"","Chris Brown","WSH","R","27","1991-02-03","Flower Mound","TX","USA","USA","74","208","2009","PHX","2","6","36"
"","Chris Butler","STL","D","31","1986-10-27","St. Louis","MO","USA","USA","73","196","2005","BUF","4","5","96"
"","Chris Conner","WSH","R","34","1983-12-23","Westland","MI","USA","USA","67","181","-","-","-","-","-"
"","Chris Higgins","VAN","L","35","1983-06-02","Smithtown","NY","USA","USA","72","205","2002","MTL","1","14","14"
"","Chris Kelly","BOS","C","37","1980-11-11","Toronto","ON","CAN","CAN","72","190","1999","OTT","3","28","94"
"","Chris Kreider","NYR","L","27","1991-04-30","Boxford","MA","USA","USA","75","224","2009","NYR","1","19","19"
"","Chris Kunitz","PIT","L","38","1979-09-26","Regina","SK","CAN","CAN","72","195","-","-","-","-","-"
"","Chris Mueller","NYR","C","32","1986-03-06","West Seneca","NY","USA","USA","71","196","-","-","-","-","-"
"","Chris Neil","OTT","R","39","1979-06-18","Flesherton","ON","CAN","CAN","73","209","1998","OTT","6","16","161"
"","Chris Phillips","OTT","D","40","1978-03-09","Calgary","AB","CAN","CAN","75","219","1996","OTT","1","1","1"
"","Chris Porter","STL","L","34","1984-05-29","Toronto","ON","CAN","CAN","73","206","2003","CHI","9","21","282"
"","Chris Stewart","BUF, MIN","R","30","1987-10-30","Toronto","ON","CAN","CAN","74","242","2006","COL","1","18","18"
"","Chris Summers","ARI, NYR","D","30","1988-02-05","Ann Arbor","MI","USA","USA","74","207","2006","PHX","1","29","29"
"","Chris Terry","CAR","L","29","1989-04-07","Brampton","ON","CAN","CAN","70","191","2007","CAR","5","11","132"
"","Chris Thorburn","WPG","R","35","1983-06-03","Sault Ste. Marie","ON","CAN","CAN","75","235","2001","BUF","2","20","50"
"","Chris Tierney","S.J","C","24","1994-07-01","Keswick","ON","CAN","CAN","73","195","2012","S.J","2","25","55"
"","Chris VandeVelde","PHI","C","31","1987-03-15","Moorhead","MN","USA","USA","74","190","2005","EDM","4","6","97"
"","Chris Wagner","ANA","C","27","1991-05-27","Walpole","MA","USA","USA","72","198","2010","ANA","5","2","122"
"","Christian Ehrhoff","PIT","D","36","1982-07-06","Moers","","DEU","DEU","74","201","2001","S.J","4","10","106"
"","Christian Folin","MIN","D","27","1991-02-09","Gothenburg","","SWE","SWE","75","204","-","-","-","-","-"
"","Christian Thomas","MTL","L","26","1992-05-26","Toronto","ON","CAN","CAN","69","175","2010","NYR","2","10","40"
"","Christopher Tanev","VAN","D","28","1989-12-20","Toronto","ON","CAN","CAN","74","195","-","-","-","-","-"
"","Clarke MacArthur","OTT","L","33","1985-04-06","Lloydminster","AB","CAN","CAN","72","192","2003","BUF","3","6","74"
"","Claude Giroux","PHI","C","30","1988-01-12","Hearst","ON","CAN","CAN","71","185","2006","PHI","1","22","22"
"","Clayton Stoner","ANA","D","33","1985-02-19","Port McNeill","BC","CAN","CAN","76","216","2004","MIN","3","14","79"
"","Cody Ceci","OTT","D","24","1993-12-21","Ottawa","ON","CAN","CAN","74","207","2012","OTT","1","15","15"
"","Cody Eakin","DAL","C","27","1991-05-24","Winnipeg","MB","CAN","CAN","72","190","2009","WSH","3","24","85"
"","Cody Franson","NSH, TOR","D","31","1987-08-08","Sicamous","BC","CAN","CAN","77","224","2005","NSH","3","18","79"
"","Cody Goloubef","CBJ","D","28","1989-11-30","Mississauga","ON","CAN","CAN","73","200","2008","CBJ","2","7","37"
"","Cody Hodgson","BUF","C","28","1990-02-18","Toronto","ON","CAN","CAN","72","191","2008","VAN","1","10","10"
"","Cody McCormick","BUF","C","35","1983-04-18","London","ON","CAN","CAN","74","222","2001","COL","5","13","144"
"","Cody McLeod","COL","L","34","1984-06-26","Binscarth","MB","CAN","CAN","74","210","-","-","-","-","-"
"","Colby Robak","ANA, FLA","D","28","1990-04-24","Dauphin","MB","CAN","CAN","75","194","2008","FLA","2","16","46"
"","Colin Fraser","STL","C","33","1985-01-28","Sicamous","BC","CAN","CAN","73","190","2003","PHI","3","1","69"
"","Colin Greening","OTT","C","32","1986-03-09","St. John's","NL","CAN","CAN","74","210","2005","OTT","7","10","204"
"","Colin McDonald","NYI","R","33","1984-09-30","Wethersfield","CT","USA","USA","74","219","2003","EDM","2","21","51"
"","Colin Smith","COL","C","25","1993-06-20","Edmonton","AB","CAN","CAN","70","185","2012","COL","7","11","192"
"","Colin Wilson","NSH","C, L","28","1989-10-20","Greenwich","CT","USA","USA","73","221","2008","NSH","1","7","7"
"","Colton Orr","TOR","R","36","1982-03-03","Winnipeg","MB","CAN","CAN","75","222","-","-","-","-","-"
"","Colton Sceviour","DAL","C","29","1989-04-20","Red Deer","AB","CAN","CAN","72","195","2007","DAL","4","21","112"
"","Connor Murphy","ARI","D","25","1993-03-26","Dublin","OH","USA","USA","76","212","2011","PHX","1","20","20"
"","Conor Allen","NYR","D","28","1990-01-31","Chicago","IL","USA","USA","73","210","-","-","-","-","-"
"","Corban Knight","CGY","C","28","1990-09-10","Oliver","BC","CAN","CAN","74","195","2009","FLA","5","14","135"
"","Corey Perry","ANA","R","33","1985-05-16","Peterborough","ON","CAN","CAN","75","213","2003","ANA","1","28","28"
"","Corey Potter","CGY","D","34","1984-01-05","Lansing","MI","USA","USA","75","204","2003","NYR","4","21","122"
"","Corey Tropp","CBJ","R","29","1989-07-25","Grosse Pointe Woods","MI","USA","USA","72","186","2007","BUF","3","28","89"
"","Cory Conacher","NYI","C","28","1989-12-14","Burlington","ON","CAN","CAN","68","180","-","-","-","-","-"
"","Craig Adams","PIT","R","41","1977-04-26","Seria","","BRN","CAN","72","200","1996","HFD","9","8","223"
"","Craig Cunningham","ARI, BOS","L","28","1990-09-13","Trail","BC","CAN","CAN","70","184","2010","BOS","4","7","97"
"","Craig Smith","NSH","R","29","1989-09-05","Madison","WI","USA","USA","73","208","2009","NSH","4","7","98"
"","Curtis Glencross","CGY, WSH","L","35","1982-12-28","Kindersley","SK","CAN","CAN","73","197","-","-","-","-","-"
"","Curtis Hamilton","EDM","L","26","1991-12-04","Tacoma","WA","USA","USA","74","212","2010","EDM","2","18","48"
"","Curtis Lazar","OTT","C","23","1995-02-02","Salmon Arm","BC","CAN","CAN","72","209","2013","OTT","1","17","17"
"","Curtis McKenzie","DAL","L","27","1991-02-22","Golden","BC","CAN","CAN","74","205","2009","DAL","6","8","159"
"","Dainius Zubrus","N.J","C","40","1978-06-16","Elektrenai","","LTU","LTU","77","225","1996","PHI","1","15","15"
"","Dale Weise","MTL","R","30","1988-08-05","Winnipeg","MB","CAN","CAN","74","206","2008","NYR","4","20","111"
"","Dalton Prout","CBJ","D","28","1990-03-13","Kingsville","ON","CAN","CAN","75","230","2010","CBJ","6","4","154"
"","Damien Brunner","N.J","R","32","1986-03-09","Zürich","","CHE","CHE","71","185","-","-","-","-","-"
"","Damon Severson","N.J","D","24","1994-08-07","Melville","SK","CAN","CAN","74","205","2012","N.J","2","30","60"
"","Dan Boyle","NYR","D","42","1976-07-12","Ottawa","ON","CAN","CAN","71","194","-","-","-","-","-"
"","Dan Girardi","NYR","D","34","1984-04-29","Welland","ON","CAN","CAN","73","212","-","-","-","-","-"
"","Dan Hamhuis","VAN","D","35","1982-12-13","Smithers","BC","CAN","CAN","73","204","2001","NSH","1","12","12"
"","Dana Tyrell","CBJ","C","29","1989-04-23","Airdrie","AB","CAN","CAN","70","192","2007","T.B","2","17","47"
"","Daniel Briere","COL","C","40","1977-10-06","Gatineau","QC","CAN","CAN","69","174","1996","PHX","1","24","24"
"","Daniel Carcillo","CHI","L","33","1985-01-28","King City","ON","CAN","CAN","72","200","2003","PIT","3","5","73"
"","Daniel Cleary","DET","R","39","1978-12-18","Carbonear","NL","CAN","CAN","73","205","1997","CHI","1","13","13"
"","Daniel Paille","BOS","L","34","1984-04-15","Welland","ON","CAN","CAN","73","200","2002","BUF","1","20","20"
"","Daniel Sedin","VAN","L","37","1980-09-26","Ornskoldsvik","","SWE","SWE","73","190","1999","VAN","1","2","2"
"","Daniel Winnik","PIT, TOR","L","33","1985-03-06","Toronto","ON","CAN","CAN","74","210","2004","PHX","9","7","265"
"","Daniil Tarasov","S.J","R","27","1991-06-20","Moscow","","RUS","RUS","72","185","-","-","-","-","-"
"","Danny Biega","CAR","D","26","1991-09-29","Montreal","QC","CAN","CAN","72","205","2010","CAR","3","7","67"
"","Danny DeKeyser","DET","D","28","1990-03-07","Detroit","MI","USA","USA","75","192","-","-","-","-","-"
"","Dany Heatley","ANA","L","37","1981-01-21","Freiburg","","DEU","CAN","75","212","2000","ATL","1","2","2"
"","Darnell Nurse","EDM","D","23","1995-02-04","Hamilton","ON","CAN","CAN","76","221","2013","EDM","1","7","7"
"","Darren Helm","DET","C","31","1987-01-21","St. Andrews","MB","CAN","CAN","72","196","2005","DET","5","7","132"
"","Dave Bolland","FLA","C","32","1986-06-05","Mimico","ON","CAN","CAN","72","184","2004","CHI","2","2","32"
"","David Backes","STL","R","34","1984-05-01","Minneapolis","MN","USA","USA","75","221","2003","STL","2","32","62"
"","David Booth","TOR","L","33","1984-11-24","Detroit","MI","USA","USA","72","212","2004","FLA","2","23","53"
"","David Clarkson","CBJ, TOR","R","34","1984-03-31","Toronto","ON","CAN","CAN","72","207","-","-","-","-","-"
"","David Desharnais","MTL","C","32","1986-09-14","Laurier-Station","QC","CAN","CAN","67","180","-","-","-","-","-"
"","David Jones","CGY","R","34","1984-08-10","Guelph","ON","CAN","CAN","75","208","2003","COL","9","27","288"
"","David Krejci","BOS","C","32","1986-04-28","Sternberk","","CZE","CZE","72","188","2004","BOS","2","33","63"
"","David Legwand","OTT","C","38","1980-08-17","Detroit","MI","USA","USA","74","207","1998","NSH","1","2","2"
"","David Moss","ARI","R","36","1981-12-28","Livonia","MI","USA","USA","76","210","2001","CGY","7","24","220"
"","David Musil","EDM","D","25","1993-04-09","Calgary","AB","CAN","CAN","76","207","2011","EDM","2","1","31"
"","David Pastrnak","BOS","R","22","1996-05-25","Havirov","","CZE","CZE","72","188","2014","BOS","1","25","25"
"","David Perron","EDM, PIT","L","30","1988-05-28","Sherbrooke","QC","CAN","CAN","72","200","2007","STL","1","26","26"
"","David Rundblad","CHI","D","27","1990-10-08","Lycksele","","SWE","SWE","74","187","2009","STL","1","17","17"
"","David Savard","CBJ","D","27","1990-10-22","St. Hyacinthe","QC","CAN","CAN","74","227","2009","CBJ","4","3","94"
"","David Schlemko","ARI, CGY, DAL","D","31","1987-05-07","Edmonton","AB","CAN","CAN","73","189","-","-","-","-","-"
"","David Van Der Gulik","L.A","L","35","1983-04-20","Abbotsford","BC","CAN","CAN","70","173","2002","CGY","7","9","206"
"","David Warsofsky","BOS","D","28","1990-05-30","Marshfield","MA","USA","USA","69","170","2008","STL","4","4","95"
"","David Wolf","CGY","L","29","1989-09-15","Dusseldorf","","DEU","DEU","75","215","-","-","-","-","-"
"","Dennis Everberg","COL","R","26","1991-12-31","Vasteras","","SWE","SWE","76","205","-","-","-","-","-"
"","Dennis Seidenberg","BOS","D","37","1981-07-18","Schwenningen","","DEU","DEU","72","199","2001","PHI","6","7","172"
"","Dennis Wideman","CGY","D","35","1983-03-20","Kitchener","ON","CAN","CAN","72","202","2002","BUF","8","12","241"
"","Derek Dorsett","VAN","R","31","1986-12-20","Kindersley","SK","CAN","CAN","72","192","2006","CBJ","7","6","189"
"","Derek MacKenzie","FLA","C","37","1981-06-11","Sudbury","ON","CAN","CAN","71","181","1999","ATL","5","2","128"
"","Derek Roy","EDM, NSH","C","35","1983-05-04","Ottawa","ON","CAN","CAN","69","184","2001","BUF","2","2","32"
"","Derek Stepan","NYR","C","28","1990-06-18","Hastings","MN","USA","USA","72","196","2008","NYR","2","21","51"
"","Derick Brassard","NYR","C","30","1987-09-22","Hull","QC","CAN","CAN","73","204","2006","CBJ","1","6","6"
"","Derrick Pouliot","PIT","D","24","1994-01-16","Estevan","SK","CAN","CAN","72","208","2012","PIT","1","8","8"
"","Deryk Engelland","CGY","D","36","1982-04-03","Edmonton","AB","CAN","CAN","74","214","2000","N.J","6","27","194"
"","Devante Smith-Pelly","ANA, MTL","R","26","1992-06-14","Scarborough","ON","CAN","CAN","72","223","2010","ANA","2","12","42"
"","Devin Setoguchi","CGY","R","31","1987-01-01","Taber","AB","CAN","CAN","72","205","2005","S.J","1","8","8"
"","Dion Phaneuf","TOR","D","33","1985-04-10","Edmonton","AB","CAN","CAN","75","219","2003","CGY","1","9","9"
"","Dmitrij Jaskin","STL","R","25","1993-03-23","Omsk","","RUS","CZE","74","216","2011","STL","2","11","41"
"","Dmitry Kulikov","FLA","D","27","1990-10-29","Lipetsk","","RUS","RUS","73","204","2009","FLA","1","14","14"
"","Dominic Moore","NYR","C","38","1980-08-03","Thornhill","ON","CAN","CAN","72","192","2000","NYR","3","30","95"
"","Dominik Uher","PIT","C","25","1992-12-31","Ostvava","","CZE","CZE","72","202","2011","PIT","5","23","144"
"","Dougie Hamilton","BOS","D","25","1993-06-17","Toronto","ON","CAN","CAN","78","210","2011","BOS","1","9","9"
"","Drayson Bowman","MTL","L","29","1989-03-08","Grand Rapids","MI","USA","USA","73","195","2007","CAR","3","11","72"
"","Drew Doughty","L.A","D","28","1989-12-08","London","ON","CAN","CAN","73","200","2008","L.A","1","2","2"
"","Drew Miller","DET","L","34","1984-02-17","Dover","NJ","USA","USA","74","183","2003","ANA","6","19","186"
"","Drew Shore","CGY","C","27","1991-01-29","Denver","CO","USA","USA","75","205","2009","FLA","2","14","44"
"","Drew Stafford","BUF, WPG","R","32","1985-10-30","Milwaukee","WI","USA","USA","74","215","2004","BUF","1","13","13"
"","Duncan Keith","CHI","D","35","1983-07-16","Winnipeg","MB","CAN","CAN","73","192","2002","CHI","2","24","54"
"","Duncan Siemens","COL","D","25","1993-09-07","Edmonton","AB","CAN","CAN","75","210","2011","COL","1","11","11"
"","Dustin Brown","L.A","R","33","1984-11-04","Ithaca","NY","USA","USA","72","216","2003","L.A","1","13","13"
"","Dustin Byfuglien","WPG","D","33","1985-03-27","Roseau","MN","USA","USA","77","260","2003","CHI","8","16","245"
"","Dwight King","L.A","L","29","1989-07-05","Meadow Lake","SK","CAN","CAN","76","229","2007","L.A","4","18","109"
"","Dylan McIlrath","NYR","D","26","1992-04-20","Winnipeg","MB","CAN","CAN","77","236","2010","NYR","1","10","10"
"","Dylan Olsen","FLA","D","27","1991-01-03","Salt Lake City","UT","USA","CAN","74","223","2009","CHI","1","28","28"
"","Dylan Reese","ARI","D","34","1984-08-29","Pittsburgh","PA","USA","USA","73","205","2003","NYR","7","12","209"
"","Elias Lindholm","CAR","C","23","1994-12-02","Boden","","SWE","SWE","73","192","2013","CAR","1","5","5"
"","Emerson Etem","ANA","L, R","26","1992-06-16","Long Beach","CA","USA","USA","73","212","2010","ANA","1","29","29"
"","Emile Poirier","CGY","L","23","1994-12-14","Montreal","QC","CAN","CAN","74","196","2013","CGY","1","22","22"
"","Eriah Hayes","S.J","R","30","1988-07-07","La Crescent","MN","USA","USA","76","210","-","-","-","-","-"
"","Eric Boulton","NYI","L","42","1976-08-17","Halifax","NS","CAN","CAN","72","227","1994","NYR","9","26","234"
"","Eric Brewer","ANA, T.B, TOR","D","39","1979-04-17","Vernon","BC","CAN","CAN","76","216","1997","NYI","1","5","5"
"","Eric Fehr","WSH","C","33","1985-09-07","Winkler","MB","CAN","CAN","76","208","2003","WSH","1","18","18"
"","Eric Gelinas","N.J","D","27","1991-05-08","Vanier","ON","CAN","CAN","76","215","2009","N.J","2","24","54"
"","Eric Gryba","OTT","D","30","1988-04-14","Saskatoon","SK","CAN","CAN","76","222","2006","OTT","3","5","68"
"","Eric Nystrom","NSH","L","35","1983-02-14","Syosset","NY","USA","USA","73","200","2002","CGY","1","10","10"
"","Eric O'Dell","WPG","C","28","1990-06-21","Ottawa","ON","CAN","CAN","73","200","2008","ANA","2","9","39"
"","Eric Staal","CAR","C","33","1984-10-29","Thunder Bay","ON","CAN","CAN","76","209","2003","CAR","1","2","2"
"","Eric Tangradi","MTL","L","29","1989-02-10","Philadelphia","PA","USA","USA","76","226","2007","ANA","2","12","42"
"","Erik Cole","DAL, DET","L","39","1978-11-06","Oswego","NY","USA","USA","74","205","1998","CAR","3","13","71"
"","Erik Condra","OTT","R","32","1986-08-06","Trenton","MI","USA","USA","71","188","2006","OTT","7","28","211"
"","Erik Gudbranson","FLA","D","26","1992-01-07","Ottawa","ON","CAN","CAN","77","220","2010","FLA","1","3","3"
"","Erik Haula","MIN","C, L","27","1991-03-23","Pori","","FIN","FIN","72","193","2009","MIN","7","1","182"
"","Erik Johnson","COL","D","30","1988-03-21","Bloomington","MN","USA","USA","76","225","2006","STL","1","1","1"
"","Erik Karlsson","OTT","D","28","1990-05-31","Landsbro","","SWE","SWE","72","191","2008","OTT","1","15","15"
"","Evander Kane","WPG","L","27","1991-08-02","Vancouver","BC","CAN","CAN","74","212","2009","ATL","1","4","4"
"","Evgeni Malkin","PIT","C","32","1986-07-31","Magnitogorsk","","RUS","RUS","75","195","2004","PIT","1","2","2"
"","Evgeny Kuznetsov","WSH","C","26","1992-05-19","Chelyabinsk","","RUS","RUS","74","204","2010","WSH","1","26","26"
"","Fedor Tyutin","CBJ","D","35","1983-07-19","Izhevsk","","RUS","RUS","74","221","2001","NYR","2","10","40"
"","Filip Forsberg","NSH","L","24","1994-08-13","Ostervala","","SWE","SWE","73","205","2012","WSH","1","11","11"
"","Francois Beauchemin","ANA","D","38","1980-06-04","Sorel","QC","CAN","CAN","71","208","1998","MTL","3","17","75"
"","Frank Corrado","VAN","D","25","1993-03-26","Toronto","ON","CAN","CAN","72","205","2011","VAN","5","29","150"
"","Frans Nielsen","NYI","C","34","1984-04-24","Herning","","DNK","DNK","73","188","2002","NYI","3","24","87"
"","Freddie Hamilton","COL, S.J","C","26","1992-01-01","Toronto","ON","CAN","CAN","73","195","2010","S.J","5","9","129"
"","Frédéric St-Denis","CBJ","D","32","1986-01-23","Greenfield Park","QC","CAN","CAN","71","192","-","-","-","-","-"
"","Gabriel Bourque","NSH","L","27","1990-09-23","Rimouski","QC","CAN","CAN","70","206","2009","NSH","5","11","132"
"","Gabriel Dumont","MTL","C","27","1990-10-06","Ville Degelis","QC","CAN","CAN","70","190","2009","MTL","5","18","139"
"","Gabriel Landeskog","COL","L","25","1992-11-23","Stockholm","","SWE","SWE","73","215","2011","COL","1","2","2"
"","Garrett Wilson","FLA","L","27","1991-03-16","Barrie","ON","CAN","CAN","74","199","2009","FLA","4","16","107"
"","Grant Clitsome","WPG","D","33","1985-04-14","Gloucester","ON","CAN","CAN","71","211","2004","CBJ","9","13","271"
"","Greg McKegg","TOR","C","26","1992-06-17","St. Thomas","ON","CAN","CAN","72","191","2010","TOR","3","2","62"
"","Greg Pateryn","MTL","D","28","1990-06-20","Sterling Heights","MI","USA","USA","75","224","2008","TOR","5","7","128"
"","Gregory Campbell","BOS","C","34","1983-12-17","London","ON","CAN","CAN","72","188","2002","FLA","3","4","67"
"","Griffin Reinhart","NYI","D","24","1994-01-24","North Vancouver","BC","CAN","CAN","76","212","2012","NYI","1","4","4"
"","Gustav Nyquist","DET","R","29","1989-09-01","Halmstad","","SWE","SWE","71","184","2008","DET","4","30","121"
"","Hampus Lindholm","ANA","D","24","1994-01-20","Helsingborg","","SWE","SWE","75","208","2012","ANA","1","6","6"
"","Harry Zolnierczyk","NYI","L","31","1987-09-01","Toronto","ON","CAN","CAN","71","180","-","-","-","-","-"
"","Henrik Samuelsson","ARI","C","24","1994-02-07","Scottsdale","AZ","USA","USA","75","219","2012","PHX","1","27","27"
"","Henrik Sedin","VAN","C","37","1980-09-26","Ornskoldsvik","","SWE","SWE","74","183","1999","VAN","1","3","3"
"","Henrik Zetterberg","DET","L","37","1980-10-09","Njurunda","","SWE","SWE","72","197","1999","DET","7","24","210"
"","Ian Cole","PIT, STL","D","29","1989-02-21","Ann Arbor","MI","USA","USA","73","219","2007","STL","1","18","18"
"","Iiro Pakarinen","EDM","R","27","1991-08-25","Loviisa","","FIN","FIN","73","212","2011","FLA","7","3","184"
"","J.T. Brown","T.B","R","28","1990-07-02","Burnsville","MN","USA","USA","70","169","-","-","-","-","-"
"","J.T. Miller","NYR","L","25","1993-03-14","East Palestine","OH","USA","USA","73","218","2011","NYR","1","15","15"
"","Jack Hillen","CAR, WSH","D","32","1986-01-24","Minnetonka","MN","USA","USA","70","190","-","-","-","-","-"
"","Jack Johnson","CBJ","D","31","1987-01-13","Indianapolis","IN","USA","USA","73","227","2005","CAR","1","3","3"
"","Jack Skille","CBJ","R","31","1987-05-19","Madison","WI","USA","USA","73","216","2005","CHI","1","7","7"
"","Jacob De La Rose","MTL","L","23","1995-05-20","Arvika","","SWE","SWE","75","210","2013","MTL","2","4","34"
"","Jacob Josefson","N.J","C","27","1991-03-02","Stockholm","","SWE","SWE","72","196","2009","N.J","1","20","20"
"","Jacob Trouba","WPG","D","24","1994-02-26","Rochester","MI","USA","USA","75","202","2012","WPG","1","9","9"
"","Jaden Schwartz","STL","L","26","1992-06-25","Wilcox","SK","CAN","CAN","70","190","2010","STL","1","14","14"
"","Jake Gardiner","TOR","D","28","1990-07-04","Minnetonka","MN","USA","USA","74","200","2008","ANA","1","17","17"
"","Jake McCabe","BUF","D","24","1993-10-12","Eau Claire","WI","USA","USA","73","210","2012","BUF","2","14","44"
"","Jake Muzzin","L.A","D","29","1989-02-21","Woodstock","ON","CAN","CAN","75","213","2007","PIT","5","20","141"
"","Jakob Silfverberg","ANA","R","27","1990-10-13","Gävle","","SWE","SWE","74","202","2009","OTT","2","9","39"
"","Jakub Kindl","DET","D","31","1987-02-10","Sumperk","","CZE","CZE","75","199","2005","DET","1","19","19"
"","Jakub Voracek","PHI","R","29","1989-08-15","Kladno","","CZE","CZE","74","214","2007","CBJ","1","7","7"
"","James Neal","NSH","L, R","31","1987-09-03","Whitby","ON","CAN","CAN","74","221","2005","DAL","2","3","33"
"","James Sheppard","NYR, S.J","C","30","1988-04-25","Halifax","NS","CAN","CAN","73","215","2006","MIN","1","9","9"
"","James van Riemsdyk","TOR","L","29","1989-05-04","Middletown","NJ","USA","USA","75","217","2007","PHI","1","2","2"
"","James Wisniewski","ANA, CBJ","D","34","1984-02-21","Canton","MI","USA","USA","71","203","2002","CHI","5","25","156"
"","Jamie Benn","DAL","L","29","1989-07-18","Victoria","BC","CAN","CAN","74","209","2007","DAL","5","8","129"
"","Jamie McBain","L.A","D","30","1988-02-25","Edina","MN","USA","USA","73","180","2006","CAR","2","33","63"
"","Jamie McGinn","COL","L","30","1988-08-05","Fergus","ON","CAN","CAN","73","205","2006","S.J","2","6","36"
"","Jamie Oleksiak","DAL","D","25","1992-12-21","Toronto","ON","CAN","CAN","79","255","2011","DAL","1","14","14"
"","Jan Hejda","COL","D","40","1978-06-18","Prague","","CZE","CZE","76","230","2003","BUF","4","5","106"
"","Jannik Hansen","VAN","R","32","1986-03-15","Rødovre","","DNK","DNK","73","198","2004","VAN","9","29","287"
"","Jared Boll","CBJ","R","32","1986-05-13","Charlotte","NC","USA","USA","75","206","2005","CBJ","4","10","101"
"","Jared Cowen","OTT","D","27","1991-01-25","Saskatoon","SK","CAN","CAN","77","238","2009","OTT","1","9","9"
"","Jared Spurgeon","MIN","D","28","1989-11-29","Edmonton","AB","CAN","CAN","69","168","2008","NYI","6","5","156"
"","Jarome Iginla","COL","R","41","1977-07-01","Edmonton","AB","CAN","CAN","73","210","1995","DAL","1","11","11"
"","Jaromir Jagr","FLA, N.J","R","46","1972-02-15","Kladno","","CZE","CZE","75","230","1990","PIT","1","5","5"
"","Jarred Tinordi","MTL","D","26","1992-02-20","Burnsville","MN","USA","USA","78","230","2010","MTL","1","22","22"
"","Jarret Stoll","L.A","C","36","1982-06-24","Melville","SK","CAN","CAN","73","216","2002","EDM","2","6","36"
"","Jason Akeson","PHI","R","28","1990-06-03","Ottawa","ON","CAN","CAN","70","185","-","-","-","-","-"
"","Jason Chimera","WSH","L","39","1979-05-02","Edmonton","AB","CAN","CAN","75","215","1997","EDM","5","15","121"
"","Jason Demers","DAL, S.J","D","30","1988-06-09","Dorval","QC","CAN","CAN","73","195","2008","S.J","7","5","186"
"","Jason Garrison","T.B","D","33","1984-11-13","White Rock","BC","CAN","CAN","73","218","-","-","-","-","-"
"","Jason Pominville","MIN","R","35","1982-11-30","Repentigny","QC","CAN","USA","72","180","2001","BUF","2","25","55"
"","Jason Spezza","DAL","C","35","1983-06-13","Toronto","ON","CAN","CAN","75","214","2001","OTT","1","2","2"
"","Jason Zucker","MIN","L","26","1992-01-16","Newport Beach","CA","USA","USA","71","187","2010","MIN","2","29","59"
"","Jay Beagle","WSH","C","32","1985-10-16","Calgary","AB","CAN","CAN","75","218","-","-","-","-","-"
"","Jay Bouwmeester","STL","D","34","1983-09-27","Edmonton","AB","CAN","CAN","76","206","2002","FLA","1","3","3"
"","Jay Harrison","CAR, WPG","D","35","1982-11-03","Oshawa","ON","CAN","CAN","76","222","2001","TOR","3","19","82"
"","Jay McClement","CAR","C","35","1983-03-02","Kingston","ON","CAN","CAN","73","205","2001","STL","2","27","57"
"","Jayson Megna","PIT","C","28","1990-02-01","Fort Lauderdale","FL","USA","USA","73","195","-","-","-","-","-"
"","Jean-Gabriel Pageau","OTT","C","25","1992-11-11","Ottawa","ON","CAN","CAN","70","180","2011","OTT","4","5","96"
"","Jeff Carter","L.A","C","33","1985-01-01","London","ON","CAN","CAN","75","217","2003","PHI","1","11","11"
"","Jeff Petry","EDM, MTL","D","30","1987-12-09","Ann Arbor","MI","USA","USA","75","208","2006","EDM","2","15","45"
"","Jeff Schultz","L.A","D","32","1986-02-25","Calgary","AB","CAN","CAN","78","225","2004","WSH","1","27","27"
"","Jeff Skinner","CAR","L","26","1992-05-16","Toronto","ON","CAN","CAN","71","200","2010","CAR","1","7","7"
"","Jeremy Morin","CBJ, CHI","L","27","1991-04-16","Auburn","NY","USA","USA","73","195","2009","ATL","2","15","45"
"","Jerry D'Amigo","BUF","R","27","1991-02-19","Binghamton","NY","USA","USA","71","200","2009","TOR","6","7","158"
"","Jesper Fast","NYR","R","26","1991-12-02","Nassjo","","SWE","SWE","72","191","2010","NYR","6","7","157"
"","Jesse Blacker","ANA","D","27","1991-04-19","Toronto","ON","CAN","CAN","73","190","2009","TOR","2","28","58"
"","Jesse Joensuu","EDM","L","30","1987-10-05","Pori","","FIN","FIN","76","213","2006","NYI","2","30","60"
"","Jim Slater","WPG","C","35","1982-12-09","Lapeer","MI","USA","USA","72","195","2002","ATL","1","30","30"
"","Jimmy Hayes","FLA","R","28","1989-11-21","Dorchester","MA","USA","USA","77","215","2008","TOR","2","30","60"
"","Jiri Hudler","CGY","R","34","1984-01-04","Olomouc","","CZE","CZE","70","190","2002","DET","2","28","58"
"","Jiri Sekac","ANA, MTL","L","26","1992-06-10","Kladno","","CZE","CZE","73","185","-","-","-","-","-"
"","Jiri Tlusty","CAR, WPG","L","30","1988-03-16","Slany","","CZE","CZE","72","205","2006","TOR","1","13","13"
"","Joakim Andersson","DET","C","29","1989-02-05","Munkedal","","SWE","SWE","74","211","2007","DET","3","27","88"
"","Joakim Lindstrom","STL, TOR","C","34","1983-12-05","Skellefteå","","SWE","SWE","72","187","2002","CBJ","2","11","41"
"","Joakim Nordstrom","CHI","L","26","1992-02-25","Stockholm","","SWE","SWE","73","189","2010","CHI","3","30","90"
"","Joe Colborne","CGY","C","28","1990-01-30","Calgary","AB","CAN","CAN","77","221","2008","BOS","1","16","16"
"","Joe Morrow","BOS","D","25","1992-12-09","Edmonton","AB","CAN","CAN","72","196","2011","PIT","1","23","23"
"","Joe Pavelski","S.J","C","34","1984-07-11","Plover","WI","USA","USA","71","195","2003","S.J","7","8","205"
"","Joe Piskula","NSH","D","34","1984-07-05","Antigo","WI","USA","USA","75","205","-","-","-","-","-"
"","Joe Thornton","S.J","C","39","1979-07-02","London","ON","CAN","CAN","76","220","1997","BOS","1","1","1"
"","Joe Vitale","ARI","C","33","1985-08-20","St. Louis","MO","USA","USA","71","205","2005","PIT","7","1","195"
"","Joe Whitney","N.J","R","30","1988-02-06","Reading","MA","USA","USA","66","167","-","-","-","-","-"
"","Joel Armia","BUF","R","25","1993-05-31","Pori","","FIN","FIN","75","205","2011","BUF","1","16","16"
"","Joel Ward","WSH","R","37","1980-12-02","North York","ON","CAN","CAN","73","225","-","-","-","-","-"
"","Joey Hishon","COL","C","26","1991-10-20","Stratford","ON","CAN","CAN","70","170","2010","COL","1","17","17"
"","Joffrey Lupul","TOR","L","34","1983-09-23","Fort Saskatchewan","AB","CAN","CAN","73","206","2002","ANA","1","7","7"
"","Johan Franzen","DET","R","38","1979-12-23","Vetlanda","","SWE","SWE","76","232","2004","DET","3","32","97"
"","Johan Larsson","BUF","C","26","1992-07-25","Lau","","SWE","SWE","71","198","2010","MIN","2","26","56"
"","John Carlson","WSH","D","28","1990-01-10","Natick","MA","USA","USA","75","218","2008","WSH","1","27","27"
"","John Klingberg","DAL","D","26","1992-08-14","Gothenburg","","SWE","SWE","74","177","2010","DAL","5","11","131"
"","John Mitchell","COL","C","33","1985-01-22","Oakville","ON","CAN","CAN","73","204","2003","TOR","5","22","158"
"","John Moore","ARI, NYR","D","27","1990-11-19","Winnetka","IL","USA","USA","74","210","2009","CBJ","1","21","21"
"","John Ramage","CGY","D","27","1991-02-07","Mississauga","ON","CAN","CAN","72","190","2010","CGY","4","13","103"
"","John Scott","S.J","L","35","1982-09-26","Edmonton","AB","CAN","CAN","80","260","-","-","-","-","-"
"","John Tavares","NYI","C","27","1990-09-20","Mississauga","ON","CAN","CAN","73","208","2009","NYI","1","1","1"
"","John-Michael Liles","CAR","D","37","1980-11-25","Indianapolis","IN","USA","USA","70","185","2000","COL","5","29","159"
"","Johnny Boychuk","NYI","D","34","1984-01-19","Edmonton","AB","CAN","CAN","74","227","2002","COL","2","31","61"
"","Johnny Gaudreau","CGY","L","25","1993-08-13","Salem","NJ","USA","USA","69","157","2011","CGY","4","13","104"
"","Johnny Oduya","CHI","D","36","1981-10-01","Stockholm","","SWE","SWE","72","195","2001","WSH","7","25","221"
"","Jon Merrill","N.J","D","26","1992-02-03","Oklahoma City","OK","USA","USA","75","205","2010","N.J","2","8","38"
"","Jonas Brodin","MIN","D","25","1993-07-12","Karlstad","","SWE","SWE","73","194","2011","MIN","1","10","10"
"","Jonathan Drouin","T.B","L","23","1995-03-28","Ste-Agathe","QC","CAN","CAN","72","203","2013","T.B","1","3","3"
"","Jonathan Ericsson","DET","D","34","1984-03-02","Karlskrona","","SWE","SWE","76","220","2002","DET","9","31","291"
"","Jonathan Huberdeau","FLA","L","25","1993-06-04","Saint-Jerome","QC","CAN","CAN","73","188","2011","FLA","1","3","3"
"","Jonathan Marchessault","T.B","C","27","1990-12-27","Cap-Rouge","QC","CAN","CAN","69","174","-","-","-","-","-"
"","Jonathan Toews","CHI","C","30","1988-04-29","Winnipeg","MB","CAN","CAN","74","201","2006","CHI","1","3","3"
"","Jonathon Blum","MIN","D","29","1989-01-30","Long Beach","CA","USA","USA","73","188","2007","NSH","1","23","23"
"","Jordan Caron","BOS, COL","R","27","1990-11-02","Sayabec","QC","CAN","CAN","75","204","2009","BOS","1","25","25"
"","Jordan Eberle","EDM","C, R","28","1990-05-15","Regina","SK","CAN","CAN","71","187","2008","EDM","1","22","22"
"","Jordan Leopold","CBJ, MIN, STL","D","38","1980-08-03","Golden Valley","MN","USA","USA","73","206","1999","ANA","2","16","44"
"","Jordan Martinook","ARI","L","26","1992-07-25","Brandon","MB","CAN","CAN","72","204","2012","PHX","2","28","58"
"","Jordan Nolan","L.A","C","29","1989-06-23","Garden River, First Nations","ON","CAN","CAN","75","219","2009","L.A","7","5","186"
"","Jordan Oesterle","EDM","D","26","1992-06-25","Dearborn Heights","MI","USA","USA","72","182","-","-","-","-","-"
"","Jordan Schroeder","MIN","C","27","1990-09-29","Lakeville","MN","USA","USA","69","170","2009","VAN","1","22","22"
"","Jordan Staal","CAR","C","30","1988-09-10","Thunder Bay","ON","CAN","CAN","76","220","2006","PIT","1","2","2"
"","Jordan Szwarz","ARI","R","27","1991-05-14","Burlington","ON","CAN","CAN","71","200","2009","PHX","4","6","97"
"","Jordie Benn","DAL","D","31","1987-07-26","Victoria","BC","CAN","CAN","74","198","-","-","-","-","-"
"","Jordin Tootoo","N.J","R","35","1983-02-02","Churchill","MB","CAN","CAN","69","195","2001","NSH","4","2","98"
"","Jori Lehtera","STL","C","30","1987-12-23","Helsinki","","FIN","FIN","74","212","2008","STL","3","4","65"
"","Josh Anderson","CBJ","R","24","1994-05-07","Burlington","ON","CAN","CAN","75","221","2012","CBJ","4","4","95"
"","Josh Bailey","NYI","R","28","1989-10-02","Bowmanville","ON","CAN","CAN","73","203","2008","NYI","1","9","9"
"","Josh Gorges","BUF","D","34","1984-08-14","Kelowna","BC","CAN","CAN","73","204","-","-","-","-","-"
"","Josh Jooris","CGY","R","28","1990-07-14","Burlington","ON","CAN","CAN","73","197","-","-","-","-","-"
"","Josh Leivo","TOR","L","25","1993-05-26","Innisfil","ON","CAN","CAN","74","210","2011","TOR","3","25","86"
"","Josh Manson","ANA","D","26","1991-10-07","Hinsdale","IL","USA","CAN","75","213","2011","ANA","6","9","160"
"","Julien Brouillette","WPG","D","31","1986-12-05","St-Esprit","QC","CAN","CAN","71","185","-","-","-","-","-"
"","Jussi Jokinen","FLA","L","35","1983-04-01","Kalajoki","","FIN","FIN","72","191","2001","DAL","6","27","192"
"","Justin Abdelkader","DET","L","31","1987-02-25","Muskegon","MI","USA","USA","74","214","2005","DET","2","12","42"
"","Justin Braun","S.J","D","31","1987-02-10","Minneapolis","MN","USA","USA","74","205","2007","S.J","7","20","201"
"","Justin Falk","CBJ, MIN","D","29","1988-10-11","Snowflake","MB","CAN","CAN","77","223","2007","MIN","4","19","110"
"","Justin Faulk","CAR","D","26","1992-03-20","South St.Paul","MN","USA","USA","72","215","2010","CAR","2","7","37"
"","Justin Fontaine","MIN","R","30","1987-11-06","Bonnyville","AB","CAN","CAN","70","174","-","-","-","-","-"
"","Justin Hodgman","ARI","C","30","1988-06-27","Brampton","ON","CAN","CAN","73","203","-","-","-","-","-"
"","Justin Schultz","EDM","D","28","1990-07-06","Kelowna","BC","CAN","CAN","74","193","2008","ANA","2","13","43"
"","Justin Shugg","CAR","R","26","1991-12-24","Niagara Falls","ON","CAN","CAN","71","185","2010","CAR","4","15","105"
"","Justin Williams","L.A","R","36","1981-10-04","Cobourg","ON","CAN","CAN","73","188","2000","PHI","1","28","28"
"","Jyrki Jokipakka","DAL","D","27","1991-08-20","Tampere","","FIN","FIN","75","215","2011","DAL","7","14","195"
"","Kael Mouillierat","NYI","L","30","1987-12-09","Edmonton","AB","CAN","CAN","72","188","-","-","-","-","-"
"","Karl Alzner","WSH","D","29","1988-09-24","Burnaby","BC","CAN","CAN","75","217","2007","WSH","1","5","5"
"","Karl Stollery","COL, S.J","D","30","1987-11-21","Camrose","AB","CAN","CAN","71","180","-","-","-","-","-"
"","Keaton Ellerby","WPG","D","29","1988-11-05","Strathmore","AB","CAN","CAN","77","220","2007","FLA","1","10","10"
"","Keegan Lowe","CAR","D","25","1993-03-29","Greenwich","CT","USA","USA","73","193","2011","CAR","3","12","73"
"","Keith Aulie","EDM","D","29","1989-06-11","Rouleau","SK","CAN","CAN","78","222","2007","CGY","4","25","116"
"","Keith Ballard","MIN","D","35","1982-11-26","Baudette","MN","USA","USA","71","204","2002","BUF","1","11","11"
"","Keith Yandle","ARI, NYR","D","32","1986-09-09","Boston","MA","USA","USA","73","196","2005","PHX","4","14","105"
"","Kerby Rychel","CBJ","L","23","1994-10-07","Torrance","CA","USA","CAN","73","207","2013","CBJ","1","19","19"
"","Kevan Miller","BOS","D","30","1987-11-15","Los Angeles","CA","USA","USA","74","210","-","-","-","-","-"
"","Kevin Bieksa","VAN","D","37","1981-06-16","Grimsby","ON","CAN","CAN","73","197","2001","VAN","5","20","151"
"","Kevin Connauton","CBJ, DAL","D","28","1990-02-23","Edmonton","AB","CAN","CAN","74","205","2009","VAN","3","22","83"
"","Kevin Fiala","NSH","L","22","1996-07-22","St. Gallen","","CHE","CHE","70","193","2014","NSH","1","11","11"
"","Kevin Hayes","NYR","C","26","1992-05-08","Dorchester","MA","USA","USA","77","217","2010","CHI","1","24","24"
"","Kevin Klein","NYR","D","33","1984-12-13","Kitchener","ON","CAN","CAN","73","206","2003","NSH","2","7","37"
"","Kevin Shattenkirk","STL","D","29","1989-01-29","New Rochelle","NY","USA","USA","72","200","2007","COL","1","14","14"
"","Kimmo Timonen","CHI","D","43","1975-03-18","Kuopio","","FIN","FIN","70","194","1993","L.A","10","16","250"
"","Klas Dahlbeck","ARI, CHI","D","27","1991-07-06","Katrineholm","","SWE","SWE","75","207","2011","CHI","3","18","79"
"","Korbinian Holzer","TOR","D","30","1988-02-16","Munich","","DEU","DEU","75","214","2006","TOR","4","18","111"
"","Kris Letang","PIT","D","31","1987-04-24","Montreal","QC","CAN","CAN","72","201","2005","PIT","3","1","62"
"","Kris Russell","CGY","D","31","1987-05-02","Caroline","AB","CAN","CAN","70","173","2005","CBJ","3","6","67"
"","Kris Versteeg","CHI","R","32","1986-05-13","Lethbridge","AB","CAN","CAN","71","176","2004","BOS","5","5","134"
"","Kyle Baun","CHI","R","26","1992-05-04","Toronto","ON","CAN","CAN","74","209","-","-","-","-","-"
"","Kyle Brodziak","MIN","C","34","1984-05-25","St. Paul","AB","CAN","CAN","74","209","2003","EDM","7","17","214"
"","Kyle Chipchura","ARI","C","32","1986-02-19","Westlock","AB","CAN","CAN","74","203","2004","MTL","1","18","18"
"","Kyle Clifford","L.A","L","27","1991-01-13","Ayr","ON","CAN","CAN","74","211","2009","L.A","2","5","35"
"","Kyle Cumiskey","CHI","D","31","1986-12-02","Abbotsford","BC","CAN","CAN","71","180","2005","COL","7","28","222"
"","Kyle Okposo","NYI","R","30","1988-04-16","St. Paul","MN","USA","USA","72","220","2006","NYI","1","7","7"
"","Kyle Palmieri","ANA","R","27","1991-02-01","Smithtown","NY","USA","USA","71","185","2009","ANA","1","26","26"
"","Kyle Quincey","DET","D","33","1985-08-12","Kitchener","ON","CAN","CAN","74","210","2003","DET","4","31","132"
"","Kyle Turris","OTT","C","29","1989-08-14","New Westminster","BC","CAN","CAN","73","190","2007","PHX","1","3","3"
"","Ladislav Smid","CGY","D","32","1986-02-01","Frydlant","","CZE","CZE","76","210","2004","ANA","1","9","9"
"","Lance Bouma","CGY","C, L","28","1990-03-25","Provost","AB","CAN","CAN","74","208","2008","CGY","3","17","78"
"","Landon Ferraro","DET","C","27","1991-08-08","Trail","BC","CAN","CAN","72","176","2009","DET","2","2","32"
"","Lars Eller","MTL","C","29","1989-05-08","Rodovre","","DNK","DNK","74","207","2007","STL","1","13","13"
"","Lauri Korpikoski","ARI","L","32","1986-07-28","Turku","","FIN","FIN","73","193","2004","NYR","1","19","19"
"","Lee Stempniak","NYR, WPG","R","35","1983-02-04","West Seneca","NY","USA","USA","71","195","2003","STL","5","12","148"
"","Leo Komarov","TOR","C","31","1987-01-23","Narva","","EST","FIN","71","209","2006","TOR","6","27","180"
"","Leon Draisaitl","EDM","C","22","1995-10-27","Cologne","","DEU","DEU","74","215","2014","EDM","1","3","3"
"","Liam O'Brien","WSH","C","24","1994-07-29","Halifax","NS","CAN","CAN","73","215","-","-","-","-","-"
"","Linden Vey","VAN","R","27","1991-07-17","Wakaw","SK","CAN","CAN","72","189","2009","L.A","4","5","96"
"","Logan Couture","S.J","C","29","1989-03-28","Guelph","ON","CAN","CAN","73","205","2007","S.J","1","9","9"
"","Loui Eriksson","BOS","L","33","1985-07-17","Gothenburg","","SWE","SWE","74","196","2003","DAL","2","3","33"
"","Lubomir Visnovsky","NYI","D","42","1976-08-11","Topolcany","","SVK","SVK","70","192","2000","L.A","4","22","118"
"","Luca Sbisa","VAN","D","28","1990-01-30","Ozieri","","ITA","CHE","74","209","2008","PHI","1","19","19"
"","Lucas Lessio","ARI","L","25","1993-01-23","Maple","ON","CAN","CAN","73","212","2011","PHX","2","26","56"
"","Luke Adam","CBJ","C","28","1990-06-18","St. John's","NL","CAN","CAN","74","207","2008","BUF","2","14","44"
"","Luke Gazdic","EDM","L","29","1989-07-25","Toronto","ON","CAN","CAN","76","225","2007","DAL","6","21","172"
"","Luke Glendening","DET","C","29","1989-04-28","Grand Rapids","MI","USA","USA","71","192","-","-","-","-","-"
"","Luke Schenn","PHI","D","28","1989-11-02","Saskatoon","SK","CAN","CAN","74","229","2008","TOR","1","5","5"
"","Luke Witkowski","T.B","D","28","1990-04-14","Holland","MI","USA","USA","74","210","2008","T.B","6","9","160"
"","Magnus Paajarvi","STL","L","27","1991-04-12","Norrkoping","","SWE","SWE","75","206","2009","EDM","1","10","10"
"","Manny Malhotra","MTL","C","38","1980-05-18","Mississauga","ON","CAN","CAN","74","207","1998","NYR","1","7","7"
"","Marc Methot","OTT","D","33","1985-06-21","Ottawa","ON","CAN","CAN","76","233","2003","CBJ","6","1","168"
"","Marc Staal","NYR","D","31","1987-01-13","Thunder Bay","ON","CAN","CAN","76","209","2005","NYR","1","12","12"
"","Marc-Andre Cliche","COL","C","31","1987-03-23","Rouyn-Noranda","QC","CAN","CAN","72","202","2005","NYR","2","26","56"
"","Marc-Edouard Vlasic","S.J","D","31","1987-03-30","Montreal","QC","CAN","CAN","73","205","2005","S.J","2","5","35"
"","Marcel Goc","PIT, STL","C","35","1983-08-24","Calw","","DEU","DEU","73","197","2001","S.J","1","20","20"
"","Marco Scandella","MIN","D","28","1990-02-23","Montreal","QC","CAN","CAN","75","208","2008","MIN","2","25","55"
"","Marcus Foligno","BUF","L","27","1991-08-10","Buffalo","NY","USA","CAN","75","232","2009","BUF","4","13","104"
"","Marcus Johansson","WSH","L","27","1990-10-06","Landskrona","","SWE","SWE","73","205","2009","WSH","1","24","24"
"","Marcus Kruger","CHI","C","28","1990-05-27","Stockholm","","SWE","SWE","72","186","2009","CHI","5","28","149"
"","Marek Zidlicky","DET, N.J","D","41","1977-02-03","Most","","CZE","CZE","71","190","2001","NYR","6","11","176"
"","Marian Gaborik","L.A","R","36","1982-02-14","Trencin","","SVK","SVK","73","200","2000","MIN","1","3","3"
"","Marian Hossa","CHI","R","39","1979-01-12","Stará Lubovna","","SVK","SVK","73","207","1997","OTT","1","12","12"
"","Mark Alt","PHI","D","26","1991-10-18","Kansas City","MO","USA","USA","76","201","2010","CAR","2","23","53"
"","Mark Arcobello","ARI, EDM, NSH, PIT","R","30","1988-08-12","Milford","CT","USA","USA","68","174","-","-","-","-","-"
"","Mark Barberio","T.B","D","28","1990-03-23","Montreal","QC","CAN","CAN","73","207","2008","T.B","6","1","152"
"","Mark Borowiecki","OTT","D","29","1989-07-12","Ottawa","ON","CAN","CAN","73","216","2008","OTT","5","18","139"
"","Mark Fayne","EDM","D","31","1987-05-15","Nashua","NH","USA","USA","75","209","2005","N.J","5","30","155"
"","Mark Fistric","ANA","D","32","1986-06-01","Edmonton","AB","CAN","CAN","74","225","2004","DAL","1","28","28"
"","Mark Fraser","N.J","D","31","1986-09-29","Ottawa","ON","CAN","CAN","76","220","2005","N.J","3","23","84"
"","Mark Giordano","CGY","D","34","1983-10-03","Toronto","ON","CAN","CAN","72","198","-","-","-","-","-"
"","Mark Letestu","CBJ","C","33","1985-02-04","Elk Point","AB","CAN","CAN","70","195","-","-","-","-","-"
"","Mark Pysyk","BUF","D","26","1992-01-11","Sherwood Park","AB","CAN","CAN","73","200","2010","BUF","1","23","23"
"","Mark Scheifele","WPG","C","25","1993-03-15","Kitchener","ON","CAN","CAN","75","207","2011","WPG","1","7","7"
"","Mark Stone","OTT","R","26","1992-05-13","Winnipeg","MB","CAN","CAN","75","206","2010","OTT","6","28","178"
"","Mark Streit","PHI","D","40","1977-12-11","Bern","","CHE","CHE","71","186","2004","MTL","9","4","262"
"","Mark Stuart","WPG","D","34","1984-04-27","Rochester","MN","USA","USA","74","215","2003","BOS","1","21","21"
"","Marko Dano","CBJ","C","23","1994-11-30","Eisenstadt","","AUT","SVK","71","212","2013","CBJ","1","27","27"
"","Markus Granlund","CGY","C","25","1993-04-16","Oulu","","FIN","FIN","72","183","2011","CGY","2","15","45"
"","Martin Erat","ARI","R","37","1981-08-29","Trebic","","CZE","CZE","72","196","1999","NSH","7","5","191"
"","Martin Hanzal","ARI","C","31","1987-02-20","Pisek","","CZE","CZE","78","230","2005","PHX","1","17","17"
"","Martin Havlat","N.J","R","37","1981-04-19","Mlada Boleslav","","CZE","CZE","74","210","1999","OTT","1","26","26"
"","Martin Marincin","EDM","D","26","1992-02-18","Kosice","","SVK","SVK","77","212","2010","EDM","2","16","46"
"","Martin St. Louis","NYR","R","43","1975-06-18","Laval","QC","CAN","CAN","68","180","-","-","-","-","-"
"","Mason Raymond","CGY","L","33","1985-09-17","Cochrane","AB","CAN","CAN","73","179","2005","VAN","2","21","51"
"","Mat Clark","ANA","D","27","1990-10-17","Wheat Ridge","CO","USA","USA","75","225","2009","ANA","2","7","37"
"","Mathieu Perreault","WPG","C","30","1988-01-05","Drummondville","QC","CAN","CAN","70","188","2006","WSH","6","24","177"
"","Mats Zuccarello","NYR","R","31","1987-09-01","Oslo","","NOR","NOR","68","179","-","-","-","-","-"
"","Matt Bartkowski","BOS","D","30","1988-06-04","Pittsburgh","PA","USA","USA","73","196","2008","FLA","7","9","190"
"","Matt Beleskey","ANA","L","30","1988-06-07","Windsor","ON","CAN","CAN","72","203","2006","ANA","4","19","112"
"","Matt Calvert","CBJ","L","28","1989-12-24","Brandon","MB","CAN","CAN","71","186","2008","CBJ","5","6","127"
"","Matt Carle","T.B","D","33","1984-09-25","Anchorage","AK","USA","USA","72","197","2003","S.J","2","17","47"
"","Matt Cooke","MIN","L","40","1978-09-07","Belleville","ON","CAN","CAN","71","216","1997","VAN","6","10","144"
"","Matt Cullen","NSH","C","41","1976-11-02","Virginia","MN","USA","USA","73","202","1996","ANA","2","9","35"
"","Matt Donovan","NYI","D","28","1990-05-09","Edmond","OK","USA","USA","73","205","2008","NYI","4","5","96"
"","Matt Duchene","COL","C","27","1991-01-16","Haliburton","ON","CAN","CAN","71","195","2009","COL","1","3","3"
"","Matt Dumba","MIN","D","24","1994-07-25","Regina","SK","CAN","CAN","72","184","2012","MIN","1","7","7"
"","Matt Ellis","BUF","L","37","1981-08-31","Welland","ON","CAN","CAN","72","208","-","-","-","-","-"
"","Matt Fraser","BOS, EDM","R","28","1990-05-20","Red Deer","AB","CAN","CAN","75","206","-","-","-","-","-"
"","Matt Frattin","TOR","R","30","1988-01-03","Edmonton","AB","CAN","CAN","72","205","2007","TOR","4","8","99"
"","Matt Greene","L.A","D","35","1983-05-13","Grand Ledge","MI","USA","USA","75","236","2002","EDM","2","14","44"
"","Matt Halischuk","WPG","R","30","1988-06-01","Toronto","ON","CAN","CAN","72","180","2007","N.J","4","26","117"
"","Matt Hendricks","EDM","L","37","1981-06-17","Blaine","MN","USA","USA","72","209","2000","NSH","5","1","131"
"","Matt Hunwick","NYR","D","33","1985-05-21","Warren","MI","USA","USA","71","200","2004","BOS","7","31","224"
"","Matt Irwin","S.J","D","30","1987-11-29","Victoria","BC","CAN","CAN","73","207","-","-","-","-","-"
"","Matt Lindblad","BOS","C","28","1990-03-23","Evanston","IL","USA","USA","71","193","-","-","-","-","-"
"","Matt Martin","NYI","L","29","1989-05-08","Windsor","ON","CAN","CAN","75","220","2008","NYI","5","27","148"
"","Matt Moulson","BUF","L","34","1983-11-01","North York","ON","CAN","CAN","73","203","2003","PIT","9","2","263"
"","Matt Nieto","S.J","L","25","1992-11-05","Long Beach","CA","USA","USA","71","190","2011","S.J","2","17","47"
"","Matt Niskanen","WSH","D","31","1986-12-06","Virginia","MN","USA","USA","73","203","2005","DAL","1","28","28"
"","Matt Puempel","OTT","L","25","1993-01-24","Windsor","ON","CAN","CAN","73","205","2011","OTT","1","24","24"
"","Matt Read","PHI","R","32","1986-06-14","Ilderton","ON","CAN","CAN","70","185","-","-","-","-","-"
"","Matt Stajan","CGY","C","34","1983-12-19","Mississauga","ON","CAN","CAN","73","195","2002","TOR","2","27","57"
"","Matt Tennyson","S.J","D","28","1990-04-23","Minneapolis","MN","USA","USA","74","205","-","-","-","-","-"
"","Mattias Ekholm","NSH","D","28","1990-05-24","Borlange","","SWE","SWE","76","215","2009","NSH","4","11","102"
"","Max Friberg","ANA","R","25","1992-11-20","Skovde","","SWE","SWE","71","200","2011","ANA","5","22","143"
"","Max Pacioretty","MTL","L","29","1988-11-20","New Canaan","CT","USA","USA","74","206","2007","MTL","1","22","22"
"","Max Reinhart","CGY","C","26","1992-02-04","West Vancouver","BC","CAN","CAN","73","195","2010","CGY","3","4","64"
"","Max Talbot","BOS, COL","C","34","1984-02-11","Lemoyne","QC","CAN","CAN","71","186","2002","PIT","8","5","234"
"","Maxim Lapierre","PIT, STL","C","33","1985-03-29","Saint-Léonard","QC","CAN","CAN","74","215","2003","MTL","2","31","61"
"","Melker Karlsson","S.J","C","28","1990-07-18","Lycksele","","SWE","SWE","72","180","-","-","-","-","-"
"","Michael Bournival","MTL","L","26","1992-05-31","Shawinigan","QC","CAN","CAN","71","198","2010","COL","3","11","71"
"","Michael Chaput","CBJ","C","26","1992-04-09","Ile Bizard","QC","CAN","CAN","74","204","2010","PHI","3","29","89"
"","Michael Del Zotto","PHI","D","28","1990-06-24","Stouffville","ON","CAN","CAN","72","195","2008","NYR","1","20","20"
"","Michael Frolik","WPG","R","30","1988-02-17","Kladno","","CZE","CZE","73","194","2006","FLA","1","10","10"
"","Michael Grabner","NYI","R","30","1987-10-05","Villach","","AUT","AUT","73","188","2006","VAN","1","14","14"
"","Michael Kostka","NYR","D","32","1985-11-28","Etobicoke","ON","CAN","CAN","73","210","-","-","-","-","-"
"","Michael Latta","WSH","C","27","1991-05-25","Kitchener","ON","CAN","CAN","72","207","2009","NSH","3","11","72"
"","Michael Paliotta","CHI","D","25","1993-04-06","Westport","CT","USA","USA","76","207","2011","CHI","3","9","70"
"","Michael Raffl","PHI","L","29","1988-12-01","Villach","","AUT","AUT","72","200","-","-","-","-","-"
"","Michael Ryder","N.J","R","38","1980-03-31","Bonavista","NL","CAN","CAN","73","200","1998","MTL","8","16","216"
"","Michael Sgarbossa","COL","C","26","1992-07-25","Campbellville","ON","CAN","CAN","72","186","-","-","-","-","-"
"","Michael Stone","ARI","D","28","1990-06-07","Winnipeg","MB","CAN","CAN","75","210","2008","PHX","3","8","69"
"","Michal Jordan","CAR","D","28","1990-07-17","Zlin","","CZE","CZE","73","195","2008","CAR","4","14","105"
"","Michal Rozsival","CHI","D","40","1978-09-03","Vlasim","","CZE","CZE","73","210","1996","PIT","4","25","105"
"","Micheal Ferland","CGY","L","26","1992-04-20","Swan River","MB","CAN","CAN","74","208","2010","CGY","5","13","133"
"","Micheal Haley","S.J","C","32","1986-03-30","Guelph","ON","CAN","CAN","71","205","-","-","-","-","-"
"","Miikka Salomaki","NSH","R","25","1993-03-09","Raahe","","FIN","FIN","71","203","2011","NSH","2","22","52"
"","Mika Zibanejad","OTT","C","25","1993-04-18","Huddinge","","SWE","SWE","74","227","2011","OTT","1","6","6"
"","Mikael Backlund","CGY","C","29","1989-03-17","Vasteras","","SWE","SWE","73","199","2007","CGY","1","24","24"
"","Mikael Granlund","MIN","C, R","26","1992-02-26","Oulu","","FIN","FIN","70","185","2010","MIN","1","9","9"
"","Mike Angelidis","T.B","L","33","1985-06-27","Woodbridge","ON","CAN","CAN","73","214","-","-","-","-","-"
"","Mike Blunden","T.B","R","31","1986-12-15","Toronto","ON","CAN","CAN","76","217","2005","CHI","2","13","43"
"","Mike Brown","S.J","R","33","1985-06-24","Chicago","IL","USA","USA","71","205","2004","VAN","5","30","159"
"","Mike Cammalleri","N.J","C, L","36","1982-06-08","Toronto","ON","CAN","CAN","69","185","2001","L.A","2","19","49"
"","Mike Fisher","NSH","C","38","1980-06-05","Peterborough","ON","CAN","CAN","73","216","1998","OTT","2","17","44"
"","Mike Green","WSH","D","32","1985-10-12","Calgary","AB","CAN","CAN","73","207","2004","WSH","1","29","29"
"","Mike Hoffman","OTT","L","28","1989-11-24","Kitchener","ON","CAN","CAN","72","180","2009","OTT","5","9","130"
"","Mike Ribeiro","NSH","C","38","1980-02-10","Montreal","QC","CAN","CAN","72","179","1998","MTL","2","18","45"
"","Mike Richards","L.A","C","33","1985-02-11","Kenora","ON","CAN","CAN","71","196","2003","PHI","1","24","24"
"","Mike Santorelli","NSH, TOR","C","32","1985-12-14","Vancouver","BC","CAN","CAN","72","189","2004","NSH","6","15","178"
"","Mike Sislo","N.J","R","30","1988-01-20","Superior","WI","USA","USA","71","190","-","-","-","-","-"
"","Mike Weaver","MTL","D","40","1978-05-02","Brampton","ON","CAN","CAN","70","186","-","-","-","-","-"
"","Mike Weber","BUF","D","30","1987-12-16","Pittsburgh","PA","USA","USA","74","217","2006","BUF","2","27","57"
"","Mikhail Grabovski","NYI","C","34","1984-01-31","Potsdam","","DEU","BLR","71","186","2004","MTL","5","21","150"
"","Mikhail Grigorenko","BUF","C","24","1994-05-16","Khabarovsk","","RUS","RUS","75","209","2012","BUF","1","12","12"
"","Mikkel Boedker","ARI","L","28","1989-12-16","Brondby","","DNK","DNK","72","210","2008","PHX","1","8","8"
"","Mikko Koivu","MIN","C","35","1983-03-12","Turku","","FIN","FIN","75","215","2001","MIN","1","6","6"
"","Milan Lucic","BOS","L","30","1988-06-07","Vancouver","BC","CAN","CAN","75","236","2006","BOS","2","20","50"
"","Milan Michalek","OTT","L","33","1984-12-07","Jindrichuv Hradec","","CZE","CZE","74","225","2003","S.J","1","6","6"
"","Mirco Mueller","S.J","D","23","1995-03-21","Winterthur","","CHE","CHE","75","210","2013","S.J","1","18","18"
"","Morgan Rielly","TOR","D","24","1994-03-09","Vancouver","BC","CAN","CAN","73","217","2012","TOR","1","5","5"
"","Nail Yakupov","EDM","R","24","1993-10-06","Nizhnekamsk","","RUS","RUS","71","195","2012","EDM","1","1","1"
"","Nate Guenin","COL","D","35","1982-12-10","Aliquippa","PA","USA","USA","75","207","2002","NYR","4","31","127"
"","Nate Prosser","MIN","D","32","1986-05-07","Elk River","MN","USA","USA","74","206","-","-","-","-","-"
"","Nate Schmidt","WSH","D","27","1991-07-16","St. Cloud","MN","USA","USA","73","194","-","-","-","-","-"
"","Nate Thompson","ANA","C","33","1984-10-05","Anchorage","AK","USA","USA","72","212","2003","BOS","6","16","183"
"","Nathan Beaulieu","MTL","D","25","1992-12-05","Strathroy","ON","CAN","CAN","74","200","2011","MTL","1","17","17"
"","Nathan Gerbe","CAR","C","31","1987-07-24","Oxford","MI","USA","USA","64","176","2005","BUF","5","17","142"
"","Nathan MacKinnon","COL","C","23","1995-09-01","Halifax","NS","CAN","CAN","72","205","2013","COL","1","1","1"
"","Nazem Kadri","TOR","C","27","1990-10-06","London","ON","CAN","CAN","72","190","2009","TOR","1","7","7"
"","Nick Bjugstad","FLA","C","26","1992-07-17","Minneapolis","MN","USA","USA","78","218","2010","FLA","1","19","19"
"","Nick Bonino","VAN","C","30","1988-04-20","Hartford","CT","USA","USA","73","196","2007","S.J","6","22","173"
"","Nick Cousins","PHI","C","25","1993-07-20","Belleville","ON","CAN","CAN","71","185","2011","PHI","3","7","68"
"","Nick Foligno","CBJ","L","30","1987-10-31","Buffalo","NY","USA","USA","72","202","2006","OTT","1","28","28"
"","Nick Holden","COL","D","31","1987-05-15","St. Albert","AB","CAN","CAN","76","214","-","-","-","-","-"
"","Nick Leddy","NYI","D","27","1991-03-20","Eden Prairie","MN","USA","USA","72","204","2009","MIN","1","16","16"
"","Nick Schultz","PHI","D","36","1982-08-25","Strasbourg","SK","CAN","CAN","73","203","2000","MIN","2","3","33"
"","Nick Shore","L.A","C","25","1992-09-26","Denver","CO","USA","USA","73","195","2011","L.A","3","21","82"
"","Nick Spaling","PIT","C","30","1988-09-19","Palmerston","ON","CAN","CAN","73","198","2007","NSH","2","28","58"
"","Nicklas Backstrom","WSH","C","30","1987-11-23","Gävle","","SWE","SWE","73","210","2006","WSH","1","4","4"
"","Nicklas Grossmann","PHI","D","33","1985-01-22","Stockholm","","SWE","SWE","76","230","2004","DAL","2","26","56"
"","Nicklas Jensen","VAN","R","25","1993-03-06","Herning","","DNK","DNK","75","216","2011","VAN","1","29","29"
"","Nicolas Deslauriers","BUF","L","27","1991-02-22","LaSalle","QC","CAN","CAN","73","215","2009","L.A","3","23","84"
"","Nikita Kucherov","T.B","R","25","1993-06-17","Maykop","","RUS","RUS","71","178","2011","T.B","2","28","58"
"","Nikita Nesterov","T.B","D","25","1993-03-28","Chelyabinsk","","RUS","RUS","71","191","2011","T.B","5","27","148"
"","Nikita Nikitin","EDM","D","32","1986-06-16","Omsk","","RUS","RUS","76","217","2004","STL","5","7","136"
"","Nikita Zadorov","BUF","D","23","1995-04-16","Moscow","","RUS","RUS","77","230","2013","BUF","1","16","16"
"","Niklas Hjalmarsson","CHI","D","31","1987-06-06","Eksjo","","SWE","SWE","75","197","2005","CHI","4","17","108"
"","Niklas Kronwall","DET","D","37","1981-01-12","Stockholm","","SWE","SWE","72","194","2000","DET","1","29","29"
"","Nikolay Kulemin","NYI","L","32","1986-07-14","Magnitogorsk","","RUS","RUS","73","228","2006","TOR","2","14","44"
"","Nino Niederreiter","MIN","R","26","1992-09-08","Chur","","CHE","CHE","74","216","2010","NYI","1","5","5"
"","Oliver Ekman-Larsson","ARI","D","27","1991-07-17","Karlskrona","","SWE","SWE","74","200","2009","PHX","1","6","6"
"","Oliver Lauridsen","PHI","D","29","1989-03-24","Gentofte","","DNK","DNK","78","220","2009","PHI","7","15","196"
"","Olli Jokinen","NSH, STL, TOR","C","39","1978-12-05","Kuopio","","FIN","FIN","74","210","1997","L.A","1","3","3"
"","Olli Maatta","PIT","D","24","1994-08-22","Jyväskylä","","FIN","FIN","74","206","2012","PIT","1","22","22"
"","Ondrej Palat","T.B","L","27","1991-03-28","Frydek-Mistek","","CZE","CZE","72","188","2011","T.B","7","27","208"
"","Oscar Klefbom","EDM","D","25","1993-07-20","Karlstad","","SWE","SWE","75","215","2011","EDM","1","19","19"
"","Oscar Lindberg","NYR","C","26","1991-10-29","Skellefteå","","SWE","SWE","73","202","2010","PHX","2","27","57"
"","P.K. Subban","MTL","D","29","1989-05-13","Toronto","ON","CAN","CAN","72","210","2007","MTL","2","13","43"
"","PA Parenteau","MTL","R","35","1983-03-24","Hull","QC","CAN","CAN","72","200","2001","ANA","9","5","264"
"","Pascal Dupuis","PIT","R","39","1979-04-07","Laval","QC","CAN","CAN","73","205","-","-","-","-","-"
"","Patric Hornqvist","PIT","R","31","1987-01-01","Sollentuna","","SWE","SWE","71","189","2005","NSH","7","36","230"
"","Patrice Bergeron","BOS","C","33","1985-07-24","Ancienne-Lorette","QC","CAN","CAN","73","195","2003","BOS","2","15","45"
"","Patrice Cormier","WPG","C","28","1990-06-14","Moncton","NB","CAN","CAN","74","215","2008","N.J","2","24","54"
"","Patrick Bordeleau","COL","L","32","1986-03-23","Montreal","QC","CAN","CAN","78","225","2004","MIN","4","16","114"
"","Patrick Brown","CAR","C","26","1992-05-29","Bloomfield Hills","MI","USA","USA","73","216","-","-","-","-","-"
"","Patrick Dwyer","CAR","R","35","1983-06-22","Spokane","WA","USA","USA","71","175","2002","ATL","4","20","116"
"","Patrick Eaves","DAL","R","34","1984-05-01","Calgary","AB","CAN","USA","70","202","2003","OTT","1","29","29"
"","Patrick Kaleta","BUF","R","32","1986-06-08","Buffalo","NY","USA","USA","73","198","2004","BUF","6","13","176"
"","Patrick Kane","CHI","R","29","1988-11-19","Buffalo","NY","USA","USA","71","177","2007","CHI","1","1","1"
"","Patrick Marleau","S.J","C, L","39","1979-09-15","Aneroid","SK","CAN","CAN","74","215","1997","S.J","1","2","2"
"","Patrick Maroon","ANA","L","30","1988-04-23","St. Louis","MO","USA","USA","75","225","2007","PHI","6","10","161"
"","Patrick Sharp","CHI","L","36","1981-12-27","Winnipeg","MB","CAN","CAN","73","200","2001","PHI","3","32","95"
"","Patrick Wiercioch","OTT","D","28","1990-09-12","Burnaby","BC","CAN","CAN","77","202","2008","OTT","2","12","42"
"","Patrik Berglund","STL","C","30","1988-06-02","Västerås","","SWE","SWE","76","219","2006","STL","1","25","25"
"","Patrik Elias","N.J","C","42","1976-04-13","Trebic","","CZE","CZE","73","190","1994","N.J","2","25","51"
"","Patrik Nemeth","DAL","D","26","1992-02-08","Stockholm","","SWE","SWE","75","219","2010","DAL","2","11","41"
"","Paul Byron","CGY","L","29","1989-04-27","Ottawa","ON","CAN","CAN","69","162","2007","BUF","6","28","179"
"","Paul Carey","COL","C","29","1988-09-24","Boston","MA","USA","USA","73","200","2007","COL","5","14","135"
"","Paul Gaustad","NSH","C","36","1982-02-03","Fargo","ND","USA","USA","77","227","2000","BUF","7","23","220"
"","Paul Martin","PIT","D","37","1981-03-05","Minneapolis","MN","USA","USA","73","200","2000","N.J","2","32","62"
"","Paul Postma","WPG","D","29","1989-02-22","Red Deer","AB","CAN","CAN","75","195","2007","ATL","7","24","205"
"","Paul Stastny","STL","C","32","1985-12-27","Quebec City","QC","CAN","USA","72","193","2005","COL","2","14","44"
"","Pavel Datsyuk","DET","C","40","1978-07-20","Sverdlovsk","","RUS","RUS","71","194","1998","DET","6","26","171"
"","Peter Harrold","N.J","D","35","1983-06-08","Kirtland Hills","OH","USA","USA","71","180","-","-","-","-","-"
"","Peter Holland","TOR","C","27","1991-01-14","Toronto","ON","CAN","CAN","74","205","2009","ANA","1","15","15"
"","Peter Regin","CHI","C","32","1986-04-16","Herning","","DNK","DNK","74","190","2004","OTT","3","22","87"
"","Petr Straka","PHI","R","26","1992-06-15","Plzen","","CZE","CZE","73","185","2010","CBJ","2","25","55"
"","Petter Granberg","TOR","D","26","1992-08-27","Gallivare","","SWE","SWE","75","200","2010","TOR","4","26","116"
"","Petteri Lindbohm","STL","D","24","1993-09-23","Helsinki","","FIN","FIN","75","198","2012","STL","6","25","176"
"","Phil Kessel","TOR","R","30","1987-10-02","Madison","WI","USA","USA","72","202","2006","BOS","1","5","5"
"","Phil Varone","BUF","C","27","1990-12-04","Vaughan","ON","CAN","CAN","70","193","2009","S.J","5","26","147"
"","Philip Samuelsson","ARI","D","27","1991-07-26","Leksand","","SWE","SWE","74","194","2009","PIT","2","31","61"
"","Phillip Danault","CHI","L","25","1993-02-24","Victoriaville","QC","CAN","CAN","73","195","2011","CHI","1","26","26"
"","Pierre-Edouard Bellemare","PHI","L","33","1985-03-06","Le Blanc-Mesnil","","FRA","FRA","72","198","-","-","-","-","-"
"","R.J. Umberger","PHI","C","36","1982-05-03","Pittsburgh","PA","USA","USA","74","214","2001","VAN","1","16","16"
"","Radim Vrbata","VAN","R","37","1981-06-13","Mlada Boleslav","","CZE","CZE","73","194","1999","COL","7","26","212"
"","Radko Gudas","T.B","D","28","1990-06-05","Prague","","CZE","CZE","72","204","2010","T.B","3","6","66"
"","Raman Hrabarenka","N.J","D","26","1992-08-24","Mogilev","","BLR","BLR","76","230","-","-","-","-","-"
"","Raphael Diaz","CGY","D","32","1986-01-09","Baar","","CHE","CHE","71","197","-","-","-","-","-"
"","Rasmus Rissanen","CAR","D","27","1991-07-13","Kuopio","","FIN","FIN","75","217","2009","CAR","6","27","178"
"","Rasmus Ristolainen","BUF","D","23","1994-10-27","Turku","","FIN","FIN","76","218","2013","BUF","1","8","8"
"","Reid Boucher","N.J","C","25","1993-09-08","Lansing","MI","USA","USA","70","195","2011","N.J","4","8","99"
"","Reilly Smith","BOS","R","27","1991-04-01","Toronto","ON","CAN","CAN","72","185","2009","DAL","3","8","69"
"","Rene Bourque","ANA, CBJ, MTL","R","36","1981-12-10","Lac La Biche","AB","CAN","CAN","74","217","-","-","-","-","-"
"","Rich Clune","NSH","L","31","1987-04-25","Toronto","ON","CAN","CAN","70","207","2005","DAL","3","10","71"
"","Richard Panik","TOR","R","27","1991-02-07","Martin","","SVK","SVK","73","208","2009","T.B","2","22","52"
"","Rick Nash","NYR","R","34","1984-06-16","Brampton","ON","CAN","CAN","76","211","2002","CBJ","1","1","1"
"","Rickard Rakell","ANA","C","25","1993-05-05","Sundbyberg","","SWE","SWE","74","198","2011","ANA","1","30","30"
"","Riley Nash","CAR","C","29","1989-05-09","Consort","AB","CAN","CAN","73","190","2007","EDM","1","21","21"
"","Riley Sheahan","DET","C","26","1991-12-07","St. Catharines","ON","CAN","CAN","75","214","2010","DET","1","21","21"
"","Rob Klinkhammer","ARI, EDM, PIT","L","32","1986-08-12","Lethbridge","AB","CAN","CAN","75","214","-","-","-","-","-"
"","Rob Scuderi","PIT","D","39","1978-12-30","Syosset","NY","USA","USA","73","216","1998","PIT","5","20","134"
"","Robert Bortuzzo","PIT, STL","D","29","1989-03-18","Thunder Bay","ON","CAN","CAN","76","216","2007","PIT","3","17","78"
"","Robyn Regehr","L.A","D","38","1980-04-19","Recife","","BRA","CAN","75","222","1998","COL","1","19","19"
"","Rocco Grimaldi","FLA","C","25","1993-02-08","Anaheim","CA","USA","USA","66","180","2011","FLA","2","3","33"
"","Roman Josi","NSH","D","28","1990-06-01","Bern","","CHE","CHE","73","201","2008","NSH","2","8","38"
"","Roman Polak","TOR","D","32","1986-04-28","Ostrava","","CZE","CZE","74","235","2004","STL","6","17","180"
"","Ron Hainsey","CAR","D","37","1981-03-24","Bolton","CT","USA","USA","75","205","2000","MTL","1","13","13"
"","Ronalds Kenins","VAN","L","27","1991-02-28","Riga","","LVA","LVA","72","201","-","-","-","-","-"
"","Ryan Bourque","NYR","C","27","1991-01-03","Boxford","MA","USA","USA","69","185","2009","NYR","3","19","80"
"","Ryan Callahan","T.B","R","33","1985-03-21","Rochester","NY","USA","USA","70","187","2004","NYR","4","29","127"
"","Ryan Carter","MIN","L","35","1983-08-03","White Bear Lake","MN","USA","USA","73","205","-","-","-","-","-"
"","Ryan Craig","CBJ","C","36","1982-01-06","Abbotsford","BC","CAN","CAN","74","213","2002","T.B","8","26","255"
"","Ryan Ellis","NSH","D","27","1991-01-03","Hamilton","ON","CAN","CAN","70","180","2009","NSH","1","11","11"
"","Ryan Garbutt","DAL","C","33","1985-08-12","Edmonton","AB","CAN","CAN","72","195","-","-","-","-","-"
"","Ryan Getzlaf","ANA","C","33","1985-05-10","Regina","SK","CAN","CAN","76","223","2003","ANA","1","19","19"
"","Ryan Hamilton","EDM","L","33","1985-04-15","Oshawa","ON","CAN","CAN","74","219","-","-","-","-","-"
"","Ryan Hartman","CHI","L","23","1994-09-20","Hilton Head Isl.","SC","USA","USA","72","181","2013","CHI","1","30","30"
"","Ryan Johansen","CBJ","C","26","1992-07-31","Vancouver","BC","CAN","CAN","75","218","2010","CBJ","1","4","4"
"","Ryan Kesler","ANA","C","34","1984-08-31","Livonia","MI","USA","USA","74","202","2003","VAN","1","23","23"
"","Ryan Malone","NYR","L","38","1979-12-01","Pittsburgh","PA","USA","USA","76","224","1999","PIT","4","19","115"
"","Ryan McDonagh","NYR","D","29","1989-06-13","St. Paul","MN","USA","USA","73","215","2007","MTL","1","12","12"
"","Ryan Murphy","CAR","D","25","1993-03-31","Aurora","ON","CAN","CAN","71","185","2011","CAR","1","12","12"
"","Ryan Murray","CBJ","D","24","1993-09-27","Regina","SK","CAN","CAN","73","205","2012","CBJ","1","2","2"
"","Ryan Nugent-Hopkins","EDM","C","25","1993-04-12","Burnaby","BC","CAN","CAN","72","191","2011","EDM","1","1","1"
"","Ryan O'Reilly","COL","C","27","1991-02-07","Clinton","ON","CAN","CAN","73","216","2009","COL","2","3","33"
"","Ryan Reaves","STL","R","31","1987-01-20","Winnipeg","MB","CAN","CAN","73","225","2005","STL","5","31","156"
"","Ryan Spooner","BOS","C","26","1992-01-30","Ottawa","ON","CAN","CAN","70","187","2010","BOS","2","15","45"
"","Ryan Stanton","VAN","D","29","1989-07-20","St. Albert","AB","CAN","CAN","73","200","-","-","-","-","-"
"","Ryan Strome","NYI","C, R","25","1993-07-11","Mississauga","ON","CAN","CAN","73","194","2011","NYI","1","5","5"
"","Ryan Suter","MIN","D","33","1985-01-21","Madison","WI","USA","USA","74","202","2003","NSH","1","7","7"
"","Ryan White","PHI","C","30","1988-03-17","Brandon","MB","CAN","CAN","72","200","2006","MTL","3","3","66"
"","Ryan Wilson","COL","D","31","1987-02-03","Windsor","ON","CAN","CAN","73","210","-","-","-","-","-"
"","Ryane Clowe","N.J","L","35","1982-09-30","St. John's","NL","CAN","CAN","75","225","2001","S.J","6","10","175"
"","Sam Bennett","CGY","C","22","1996-06-20","Holland Landing","ON","CAN","CAN","73","200","2014","CGY","1","4","4"
"","Sam Carrick","TOR","C","26","1992-02-04","Markham","ON","CAN","CAN","72","205","2010","TOR","5","24","144"
"","Sam Gagner","ARI","C","29","1989-08-10","London","ON","CAN","CAN","71","200","2007","EDM","1","6","6"
"","Sam Reinhart","BUF","C","22","1995-11-06","West Vancouver","BC","CAN","CAN","73","192","2014","BUF","1","2","2"
"","Sami Vatanen","ANA","D","27","1991-06-03","Jyväskylä","","FIN","FIN","70","185","2009","ANA","4","15","106"
"","Scott Gomez","N.J","C","38","1979-12-23","Anchorage","AK","USA","USA","71","200","1998","N.J","1","27","27"
"","Scott Hannan","S.J","D","39","1979-01-23","Richmond","BC","CAN","CAN","73","215","1997","S.J","1","23","23"
"","Scott Harrington","PIT","D","25","1993-03-10","Kingston","ON","CAN","CAN","74","207","2011","PIT","2","24","54"
"","Scott Hartnell","CBJ","L","36","1982-04-18","Regina","SK","CAN","CAN","74","215","2000","NSH","1","6","6"
"","Scott Laughton","PHI","C","24","1994-05-30","Oakville","ON","CAN","CAN","73","190","2012","PHI","1","20","20"
"","Scott Wilson","PIT","L","26","1992-04-24","Oakville","ON","CAN","CAN","71","183","2011","PIT","7","28","209"
"","Scottie Upshall","FLA","R","34","1983-10-07","Fort McMurray","AB","CAN","CAN","72","200","2002","NSH","1","6","6"
"","Sean Bergenheim","FLA, MIN","L","34","1984-02-08","Helsinki","","FIN","FIN","71","201","2002","NYI","1","22","22"
"","Sean Collins","CBJ","C","29","1988-12-29","Saskatoon","SK","CAN","CAN","73","198","2008","CBJ","7","6","187"
"","Sean Couturier","PHI","C","25","1992-12-07","Phoenix","AZ","USA","CAN","75","211","2011","PHI","1","8","8"
"","Sean Monahan","CGY","C","23","1994-10-12","Brampton","ON","CAN","CAN","75","195","2013","CGY","1","6","6"
"","Sergei Gonchar","DAL, MTL","D","44","1974-04-13","Chelyabinsk","","RUS","RUS","74","210","1992","WSH","1","14","14"
"","Seth Griffith","BOS","C","25","1993-01-04","Wallaceburg","ON","CAN","CAN","69","190","2012","BOS","5","10","131"
"","Seth Helgeson","N.J","D","27","1990-10-08","Faribault","MN","USA","USA","76","221","2009","N.J","4","23","114"
"","Seth Jones","NSH","D","23","1994-10-03","Arlington","TX","USA","USA","76","210","2013","NSH","1","4","4"
"","Shane Doan","ARI","R","41","1976-10-10","Halkirk","AB","CAN","CAN","73","223","1995","WIN","1","7","7"
"","Shane O'Brien","FLA","D","35","1983-08-09","Port Hope","ON","CAN","CAN","75","230","2003","ANA","8","21","250"
"","Shane Prince","OTT","L","25","1992-11-16","Rochester","NY","USA","USA","71","193","2011","OTT","2","31","61"
"","Shawn Horcoff","DAL","C","40","1978-09-17","Trail","BC","CAN","CAN","73","210","1998","EDM","4","13","99"
"","Shawn Matthias","VAN","L","30","1988-02-19","Mississauga","ON","CAN","CAN","76","231","2006","DET","2","17","47"
"","Shawn Thornton","FLA","L","41","1977-07-23","Oshawa","ON","CAN","CAN","74","217","1997","TOR","7","29","190"
"","Shayne Gostisbehere","PHI","D","25","1993-04-20","Pembroke Pines","FL","USA","USA","71","180","2012","PHI","3","17","78"
"","Shea Weber","NSH","D","33","1985-08-14","Sicamous","BC","CAN","CAN","76","230","2003","NSH","2","19","49"
"","Sidney Crosby","PIT","C","31","1987-08-07","Cole Harbour","NS","CAN","CAN","71","200","2005","PIT","1","1","1"
"","Simon Despres","ANA, PIT","D","27","1991-07-27","Laval","QC","CAN","CAN","76","218","2009","PIT","1","30","30"
"","Simon Gagne","BOS","L","38","1980-02-29","Ste. Foy","QC","CAN","CAN","73","195","1998","PHI","1","22","22"
"","Slater Koekkoek","T.B","D","24","1994-02-18","Winchester","ON","CAN","CAN","74","193","2012","T.B","1","10","10"
"","Slava Voynov","L.A","D","28","1990-01-15","Chelyabinsk","","RUS","RUS","72","194","2008","L.A","2","2","32"
"","Stanislav Galiev","WSH","R","26","1992-01-17","Moscow","","RUS","RUS","73","197","2010","WSH","3","26","86"
"","Stefan Elliott","COL","D","27","1991-01-30","Vancouver","BC","CAN","CAN","73","190","2009","COL","2","19","49"
"","Stefan Matteau","N.J","C","24","1994-02-23","Chicago","IL","USA","USA","74","220","2012","N.J","1","29","29"
"","Stefan Noesen","ANA","R","25","1993-02-12","Plano","TX","USA","USA","73","205","2011","OTT","1","21","21"
"","Stephane Robidas","TOR","D","41","1977-03-03","Sherbrooke","QC","CAN","CAN","71","190","1995","MTL","7","8","164"
"","Stephane Veilleux","MIN","L","36","1981-11-16","Beauceville","QC","CAN","CAN","73","200","2001","MIN","3","30","93"
"","Stephen Gionta","N.J","R","34","1983-10-09","Rochester","NY","USA","USA","67","177","-","-","-","-","-"
"","Stephen Weiss","DET","C","35","1983-04-03","Toronto","ON","CAN","CAN","71","190","2001","FLA","1","4","4"
"","Steve Bernier","N.J","R","33","1985-03-31","Quebec City","QC","CAN","CAN","75","224","2003","S.J","1","16","16"
"","Steve Downie","PIT","R","31","1987-04-03","Newmarket","ON","CAN","CAN","71","191","2005","PHI","1","29","29"
"","Steve Oleksy","WSH","D","32","1986-02-04","Chesterfield","MI","USA","USA","72","188","-","-","-","-","-"
"","Steve Ott","STL","C","36","1982-08-19","Summerside","PE","CAN","CAN","72","193","2000","DAL","1","25","25"
"","Steven Kampfer","FLA","D","29","1988-09-24","Ann Arbor","MI","USA","USA","71","195","2007","ANA","4","2","93"
"","Steven Pinizzotto","EDM","R","34","1984-04-26","Mississauga","ON","CAN","CAN","73","205","-","-","-","-","-"
"","Steven Stamkos","T.B","C","28","1990-02-07","Markham","ON","CAN","CAN","73","194","2008","T.B","1","1","1"
"","Stu Bickel","MIN","D","31","1986-10-02","Chanhassen","MN","USA","USA","76","207","-","-","-","-","-"
"","Stuart Percy","TOR","D","25","1993-05-18","Oakville","ON","CAN","CAN","73","187","2011","TOR","1","25","25"
"","Sven Andrighetto","MTL","R","25","1993-03-21","Zurich","","CHE","CHE","70","188","2013","MTL","3","25","86"
"","Sven Baertschi","CGY, VAN","L","25","1992-10-05","Bern","","CHE","CHE","71","192","2011","CGY","1","13","13"
"","T.J. Oshie","STL","R","31","1986-12-23","Everett","WA","USA","USA","71","195","2005","STL","1","24","24"
"","Tanner Glass","NYR","L","34","1983-11-29","Regina","SK","CAN","CAN","73","213","2003","FLA","9","4","265"
"","Tanner Pearson","L.A","L","26","1992-08-10","Kitchener","ON","CAN","CAN","73","201","2012","L.A","1","30","30"
"","Taylor Beck","NSH","L","27","1991-05-13","St. Catharines","ON","CAN","CAN","74","203","2009","NSH","3","9","70"
"","Taylor Chorney","PIT","D","31","1987-04-27","Thunder Bay","ON","CAN","USA","72","193","2005","EDM","2","6","36"
"","Taylor Fedun","S.J","D","30","1988-06-04","Edmonton","AB","CAN","CAN","73","201","-","-","-","-","-"
"","Taylor Hall","EDM","L","26","1991-11-14","Calgary","AB","CAN","CAN","73","205","2010","EDM","1","1","1"
"","Teddy Purcell","EDM","L","33","1985-09-08","St. John's","NL","CAN","CAN","74","195","-","-","-","-","-"
"","Teemu Pulkkinen","DET","L","26","1992-01-02","Vantaa","","FIN","FIN","70","185","2010","DET","4","21","111"
"","Teuvo Teravainen","CHI","L","24","1994-09-11","Helsinki","","FIN","FIN","71","178","2012","CHI","1","18","18"
"","Thomas Hickey","NYI","D","29","1989-02-08","Calgary","AB","CAN","CAN","72","188","2007","L.A","1","4","4"
"","Thomas Vanek","MIN","L","34","1984-01-19","Vienna","","AUT","AUT","74","214","2003","BUF","1","5","5"
"","Tim Erixon","CBJ, CHI, TOR","D","27","1991-02-24","Port Chester","NY","USA","SWE","74","200","2009","CGY","1","23","23"
"","Tim Gleason","CAR, WSH","D","35","1983-01-29","Clawson","MI","USA","USA","72","217","2001","OTT","1","23","23"
"","Tim Jackman","ANA","R","36","1981-11-14","Minot","ND","USA","USA","74","225","2001","CBJ","2","8","38"
"","Tim Schaller","BUF","C","27","1990-11-16","Merrimack","NH","USA","USA","74","210","-","-","-","-","-"
"","Tim Sestito","N.J","L","34","1984-08-28","Rome","NY","USA","USA","71","195","-","-","-","-","-"
"","TJ Brennan","TOR","D","29","1989-04-03","Willingboro","NJ","USA","USA","73","216","2007","BUF","2","1","31"
"","TJ Brodie","CGY","D","28","1990-06-07","Chatham","ON","CAN","CAN","73","182","2008","CGY","4","23","114"
"","TJ Galiardi","WPG","L","30","1988-04-22","Calgary","AB","CAN","CAN","74","185","2007","COL","2","25","55"
"","Tobias Rieder","ARI","R","25","1993-01-10","Landshut","","DEU","DEU","71","188","2011","EDM","4","23","114"
"","Toby Enstrom","WPG","D","33","1984-11-05","Nordingra","","SWE","SWE","70","180","2003","ATL","8","10","239"
"","Tom Gilbert","MTL","D","35","1983-01-10","Bloomington","MN","USA","USA","74","210","2002","COL","4","33","129"
"","Tom Sestito","VAN","L","30","1987-09-28","Rome","NY","USA","USA","77","228","2006","CBJ","3","22","85"
"","Tom Wilson","WSH","R","24","1994-03-29","Toronto","ON","CAN","CAN","76","218","2012","WSH","1","16","16"
"","Tomas Fleischmann","ANA, FLA","L","34","1984-05-16","Koprivnice","","CZE","CZE","73","192","2002","DET","2","33","63"
"","Tomas Hertl","S.J","C","24","1993-11-12","Praha","","CZE","CZE","74","220","2012","S.J","1","17","17"
"","Tomas Jurco","DET","L","25","1992-12-28","Kosice","","SVK","SVK","74","188","2011","DET","2","5","35"
"","Tomas Kopecky","FLA","R","36","1982-02-05","Ilava","","SVK","SVK","75","210","2000","DET","2","8","38"
"","Tomas Plekanec","MTL","C","35","1982-10-31","Kladno","","CZE","CZE","71","193","2001","MTL","3","8","71"
"","Tomas Tatar","DET","L","27","1990-12-01","Ilava","","SVK","SVK","70","185","2009","DET","2","30","60"
"","Tomas Vincour","COL","C","27","1990-11-19","Brno","","CZE","CZE","74","204","2009","DAL","5","8","129"
"","Tommy Wingels","S.J","C","30","1988-04-12","Evanston","IL","USA","USA","72","200","2008","S.J","6","26","177"
"","Torey Krug","BOS","D","27","1991-04-12","Livonia","MI","USA","USA","69","186","-","-","-","-","-"
"","Torrey Mitchell","BUF, MTL","C","33","1985-01-30","Greenfield Park","QC","CAN","CAN","71","186","2004","S.J","4","28","126"
"","Travis Hamonic","NYI","D","28","1990-08-16","St. Malo","MB","CAN","CAN","74","205","2008","NYI","2","23","53"
"","Travis Moen","DAL, MTL","L","36","1982-04-06","Stewart Valley","SK","CAN","CAN","74","215","2000","CGY","5","25","155"
"","Travis Morin","DAL","C","34","1984-01-09","Minneapolis","MN","USA","USA","73","200","2004","WSH","9","5","263"
"","Travis Zajac","N.J","C","33","1985-05-13","Winnipeg","MB","CAN","CAN","74","185","2004","N.J","1","20","20"
"","Trevor Daley","DAL","D","34","1983-10-09","Toronto","ON","CAN","CAN","71","195","2002","DAL","2","13","43"
"","Trevor Lewis","L.A","C","31","1987-01-08","Salt Lake City","UT","USA","USA","73","205","2006","L.A","1","17","17"
"","Trevor Smith","TOR","C","33","1985-02-08","Ottawa","ON","CAN","CAN","73","195","-","-","-","-","-"
"","Trevor van Riemsdyk","CHI","D","27","1991-07-24","Middletown","NJ","USA","USA","74","188","-","-","-","-","-"
"","Troy Bodie","TOR","R","33","1985-01-25","Portage La Prairie","MB","CAN","CAN","77","226","2003","EDM","9","17","278"
"","Troy Brouwer","WSH","R","33","1985-08-17","Vancouver","BC","CAN","CAN","75","215","2004","CHI","7","21","214"
"","Tuomo Ruutu","N.J","L","35","1983-02-16","Vantaa","","FIN","FIN","72","200","2001","CHI","1","9","9"
"","Ty Rattie","STL","R","25","1993-02-05","Calgary","AB","CAN","CAN","71","184","2011","STL","2","2","32"
"","Tye McGinn","ARI, S.J","L","28","1990-07-29","Fergus","ON","CAN","CAN","75","218","2010","PHI","4","29","119"
"","Tyler Bozak","TOR","C","32","1986-03-19","Regina","SK","CAN","CAN","73","199","-","-","-","-","-"
"","Tyler Ennis","BUF","C, L","28","1989-10-06","Edmonton","AB","CAN","CAN","69","161","2008","BUF","1","26","26"
"","Tyler Gaudet","ARI","C","25","1993-04-04","Hamilton","ON","CAN","CAN","75","205","-","-","-","-","-"
"","Tyler Graovac","MIN","C","25","1993-04-27","Brampton","ON","CAN","CAN","77","208","2011","MIN","7","10","191"
"","Tyler Johnson","T.B","C","28","1990-07-29","Spokane","WA","USA","USA","68","183","-","-","-","-","-"
"","Tyler Kennedy","NYI, S.J","C","32","1986-07-15","Sault Ste. Marie","ON","CAN","CAN","71","185","2004","PIT","4","1","99"
"","Tyler Myers","BUF, WPG","D","28","1990-02-01","Houston","TX","USA","CAN","80","229","2008","BUF","1","12","12"
"","Tyler Pitlick","EDM","C, R","26","1991-11-01","Minneapolis","MN","USA","USA","74","200","2010","EDM","2","1","31"
"","Tyler Seguin","DAL","C","26","1992-01-31","Brampton","ON","CAN","CAN","73","201","2010","BOS","1","2","2"
"","Tyler Toffoli","L.A","C","26","1992-04-24","Scarborough","ON","CAN","CAN","72","197","2010","L.A","2","17","47"
"","Tyler Wotherspoon","CGY","D","25","1993-03-12","Burnaby","BC","CAN","CAN","74","207","2011","CGY","2","27","57"
"","Tyson Barrie","COL","D","27","1991-07-26","Victoria","BC","CAN","CAN","70","190","2009","COL","3","3","64"
"","Tyson Strachan","BUF","D","33","1984-10-30","Melfort","SK","CAN","CAN","75","210","2003","CAR","5","1","137"
"","Valeri Nichushkin","DAL","R","23","1995-03-04","Chelyabinsk","","RUS","RUS","76","205","2013","DAL","1","10","10"
"","Valtteri Filppula","T.B","C","34","1984-03-20","Vantaa","","FIN","FIN","72","196","2002","DET","3","32","95"
"","Vernon Fiddler","DAL","C","38","1980-05-09","Edmonton","AB","CAN","CAN","71","205","-","-","-","-","-"
"","Victor Bartley","NSH","D","30","1988-02-17","Ottawa","ON","CAN","CAN","72","217","-","-","-","-","-"
"","Victor Hedman","T.B","D","27","1990-12-18","Ornskoldsvik","","SWE","SWE","78","223","2009","T.B","1","2","2"
"","Victor Rask","CAR","C","25","1993-03-01","Leksand","","SWE","SWE","74","200","2011","CAR","2","12","42"
"","Viktor Arvidsson","NSH","L","25","1993-04-08","Skellefteå","","SWE","SWE","69","180","2014","NSH","4","22","112"
"","Viktor Stalberg","NSH","L","32","1986-01-17","Gothenburg","","SWE","SWE","75","209","2006","TOR","6","8","161"
"","Vincent Lecavalier","PHI","C","38","1980-04-21","Ile Bizard","QC","CAN","CAN","76","215","1998","T.B","1","1","1"
"","Vincent Trocheck","FLA","C","25","1993-07-11","Pittsburgh","PA","USA","USA","70","182","2011","FLA","3","3","64"
"","Vladimir Tarasenko","STL","R","26","1991-12-13","Yaroslavl","","RUS","RUS","72","225","2010","STL","1","16","16"
"","Vladislav Namestnikov","T.B","C","25","1992-11-22","Zhukovskiy","","RUS","RUS","71","180","2011","T.B","1","27","27"
"","Wayne Simmonds","PHI","R","30","1988-08-26","Scarborough","ON","CAN","CAN","74","185","2007","L.A","2","31","61"
"","Will Acton","EDM","C","31","1987-07-16","Edina","MN","USA","USA","75","202","-","-","-","-","-"
"","William Karlsson","ANA, CBJ","C","25","1993-01-08","Marsta","","SWE","SWE","73","189","2011","ANA","2","23","53"
"","Willie Mitchell","FLA","D","41","1977-04-23","Port McNeill","BC","CAN","CAN","75","210","1996","N.J","8","10","199"
"","Xavier Ouellet","DET","D","25","1993-07-29","Bayonne","","FRA","FRA","73","185","2011","DET","2","18","48"
"","Yannick Weber","VAN","D","29","1988-09-23","Morges","","CHE","CHE","71","200","2007","MTL","3","12","73"
"","Zac Dalpe","BUF","C","28","1989-11-01","Paris","ON","CAN","CAN","74","194","2008","CAR","2","15","45"
"","Zac Rinaldo","PHI","C","28","1990-06-15","Mississauga","ON","CAN","CAN","70","192","2008","PHI","6","27","178"
"","Zach Bogosian","BUF, WPG","D","28","1990-07-15","Massena","NY","USA","USA","75","221","2008","ATL","1","3","3"
"","Zach Boychuk","CAR","L","28","1989-10-04","Airdrie","AB","CAN","CAN","70","185","2008","CAR","1","14","14"
"","Zach Parise","MIN","L","34","1984-07-28","Minneapolis","MN","USA","USA","71","195","2003","N.J","1","17","17"
"","Zach Redmond","COL","D","30","1988-07-26","Traverse City","MI","USA","USA","74","212","2008","ATL","7","3","184"
"","Zach Sill","PIT, TOR","C","30","1988-05-24","Truro","NS","CAN","CAN","72","214","-","-","-","-","-"
"","Zach Trotman","BOS","D","28","1990-08-26","Carmel","IN","USA","USA","75","217","2010","BOS","7","30","210"
"","Zack Kassian","VAN","R","27","1991-01-24","Windsor","ON","CAN","CAN","75","209","2009","BUF","1","13","13"
"","Zack Smith","OTT","C","30","1988-04-05","Maple Creek","SK","CAN","CAN","74","208","2008","OTT","3","18","79"
"","Zbynek Michalek","ARI, STL","D","35","1982-12-23","Jindrichuv Hradec","","CZE","CZE","74","210","-","-","-","-","-"
"","Zdeno Chara","BOS","D","41","1977-03-18","Trencin","","SVK","SVK","81","250","1996","NYI","3","4","56"
"","Zemgus Girgensons","BUF","C","24","1994-01-05","Riga","","LVA","LVA","74","207","2012","BUF","1","14","14"